0,9,11,16,10,14,18,,,,,,
0,15,1,,,,,,,,,,
0,2,13,7,3,6,5,,,,,,
0,8,12,17,4,,,,,,,,
3.2,8,12,17,4,,,,,,,,
3.2,2,13,7,3,6,5,,,,,,
3.2,15,1,,,,,,,,,,
3.2,9,11,16,18,10,14,,,,,,
6.2,15,1,,,,,,,,,,
6.2,9,11,16,18,10,14,,,,,,
6.2,2,13,7,3,6,5,,,,,,
6.2,8,12,17,4,,,,,,,,
9.2,9,11,16,18,10,14,,,,,,
9.2,15,1,,,,,,,,,,
9.2,2,13,7,3,6,5,,,,,,
9.2,8,12,17,4,,,,,,,,
12.2,9,11,16,18,10,14,,,,,,
12.2,8,12,17,4,,,,,,,,
12.2,15,1,,,,,,,,,,
12.2,2,13,7,3,6,5,,,,,,
15.2,9,11,16,18,10,14,,,,,,
15.2,8,12,17,4,,,,,,,,
15.2,15,1,,,,,,,,,,
15.2,2,13,7,3,6,5,,,,,,
18.2,9,11,16,18,10,14,,,,,,
18.2,15,1,,,,,,,,,,
18.2,8,12,17,4,,,,,,,,
18.2,2,13,7,3,6,5,,,,,,
21.2,9,11,16,18,10,14,,,,,,
21.2,15,1,,,,,,,,,,
21.2,2,13,7,3,6,5,,,,,,
21.2,8,12,17,4,,,,,,,,
24.2,9,11,16,18,10,14,,,,,,
24.2,15,1,,,,,,,,,,
24.2,8,12,17,4,,,,,,,,
24.2,2,13,7,3,6,5,,,,,,
27.2,9,11,16,18,10,14,,,,,,
27.2,15,1,,,,,,,,,,
27.2,2,13,7,3,6,5,,,,,,
27.2,8,12,17,4,,,,,,,,
30.2,9,11,16,18,10,14,,,,,,
30.2,8,12,17,4,,,,,,,,
30.2,15,1,,,,,,,,,,
30.2,2,13,7,3,6,5,,,,,,
33.2,9,11,16,18,10,14,,,,,,
33.2,15,1,,,,,,,,,,
33.2,2,13,7,3,6,5,,,,,,
33.2,8,12,17,4,,,,,,,,
36.2,18,,,,,,,,,,,
36.2,8,12,17,4,,,,,,,,
36.2,15,9,11,16,1,10,14,,,,,
36.2,2,13,7,3,6,5,,,,,,
39.2,9,11,16,18,10,14,,,,,,
39.2,15,1,,,,,,,,,,
39.2,2,13,7,3,6,5,,,,,,
39.2,8,12,17,4,,,,,,,,
42.2,9,11,16,18,10,14,,,,,,
42.2,8,12,17,4,,,,,,,,
42.2,15,1,,,,,,,,,,
42.2,2,13,7,3,6,5,,,,,,
45.2,9,11,16,18,10,14,,,,,,
45.2,8,12,17,4,,,,,,,,
45.2,15,1,,,,,,,,,,
45.2,2,13,7,3,6,5,,,,,,
48.2,8,9,11,16,18,10,14,,,,,
48.2,12,17,4,,,,,,,,,
48.2,15,1,,,,,,,,,,
48.2,2,13,7,3,6,5,,,,,,
51.2,15,9,11,16,18,10,14,,,,,
51.2,1,,,,,,,,,,,
51.2,8,12,17,4,,,,,,,,
51.2,2,13,7,3,6,5,,,,,,
54.2,9,11,16,18,10,14,,,,,,
54.2,8,12,17,4,,,,,,,,
54.2,15,1,,,,,,,,,,
54.2,2,13,7,3,6,5,,,,,,
57.2,15,1,,,,,,,,,,
57.2,2,13,7,3,6,5,,,,,,
57.2,9,11,16,18,10,14,,,,,,
57.2,8,12,17,4,,,,,,,,
60.2,8,12,17,4,,,,,,,,
60.2,15,9,11,16,18,1,10,14,,,,
60.2,2,13,7,3,6,5,,,,,,
63.2,9,11,16,18,10,14,,,,,,
63.2,15,1,,,,,,,,,,
63.2,2,13,7,3,6,5,,,,,,
63.2,8,12,17,4,,,,,,,,
66.2,9,11,16,18,10,14,,,,,,
66.2,8,12,17,4,,,,,,,,
66.2,15,1,,,,,,,,,,
66.2,2,13,7,3,6,5,,,,,,
69.2,9,11,16,18,10,14,,,,,,
69.2,15,1,,,,,,,,,,
69.2,2,13,7,3,6,5,,,,,,
69.2,8,12,17,4,,,,,,,,
72.2,9,11,16,18,10,14,,,,,,
72.2,8,12,17,4,,,,,,,,
72.2,15,1,,,,,,,,,,
72.2,2,13,7,3,6,5,,,,,,
75.2,9,11,16,18,10,14,,,,,,
75.2,15,1,,,,,,,,,,
75.2,2,13,7,3,6,5,,,,,,
75.2,8,12,17,4,,,,,,,,
78.2,9,11,16,18,10,14,,,,,,
78.2,8,12,17,4,,,,,,,,
78.2,15,1,,,,,,,,,,
78.2,2,13,7,3,6,5,,,,,,
81.2,9,11,16,18,10,14,,,,,,
81.2,15,1,,,,,,,,,,
81.2,2,13,7,3,6,5,,,,,,
81.2,8,12,17,4,,,,,,,,
84.2,9,11,16,18,10,14,,,,,,
84.2,15,1,,,,,,,,,,
84.2,2,13,7,3,6,5,,,,,,
84.2,8,12,17,4,,,,,,,,
87.2,9,11,16,18,10,14,,,,,,
87.2,8,12,17,4,,,,,,,,
87.2,15,1,,,,,,,,,,
87.2,2,13,7,3,6,5,,,,,,
90.2,9,11,16,18,10,14,,,,,,
90.2,15,1,,,,,,,,,,
90.2,2,13,7,3,6,5,,,,,,
90.2,8,12,17,4,,,,,,,,
93.2,9,11,16,18,10,14,,,,,,
93.2,8,12,17,4,,,,,,,,
93.2,15,1,,,,,,,,,,
93.2,2,13,7,3,6,5,,,,,,
96.2,9,11,16,18,10,14,,,,,,
96.2,15,1,,,,,,,,,,
96.2,2,13,7,3,6,5,,,,,,
96.2,8,12,17,4,,,,,,,,
99.2,9,11,16,18,10,14,,,,,,
99.2,8,12,17,4,,,,,,,,
99.2,2,13,7,3,6,5,,,,,,
99.2,15,1,,,,,,,,,,
102.2,9,11,16,18,10,14,,,,,,
102.2,15,1,,,,,,,,,,
102.2,2,13,7,3,6,5,,,,,,
102.2,8,12,17,4,,,,,,,,
105.2,9,11,16,18,10,14,,,,,,
105.2,8,12,17,4,,,,,,,,
105.2,15,1,,,,,,,,,,
105.2,2,13,7,3,6,5,,,,,,
108.2,9,11,16,18,10,14,,,,,,
108.2,15,1,,,,,,,,,,
108.2,2,13,7,3,6,5,,,,,,
108.2,8,12,17,4,,,,,,,,
111.2,8,12,17,4,,,,,,,,
111.2,9,11,16,18,10,14,,,,,,
111.2,15,1,,,,,,,,,,
111.2,2,13,7,3,6,5,,,,,,
114.2,9,11,16,18,10,14,,,,,,
114.2,15,1,,,,,,,,,,
114.2,2,13,7,3,6,5,,,,,,
114.2,8,12,17,4,,,,,,,,
117.2,8,12,17,4,,,,,,,,
117.2,1,,,,,,,,,,,
117.2,15,9,11,16,18,10,14,,,,,
117.2,2,13,7,3,6,5,,,,,,
120.2,15,9,11,16,18,1,10,14,,,,
120.2,2,13,7,3,6,5,,,,,,
120.2,8,12,17,4,,,,,,,,
123.2,18,,,,,,,,,,,
123.2,1,,,,,,,,,,,
123.2,2,15,13,9,11,7,16,3,10,14,6,5
123.2,8,12,17,4,,,,,,,,
126.2,8,12,17,4,,,,,,,,
126.2,1,,,,,,,,,,,
126.2,15,9,11,16,18,10,14,,,,,
126.2,2,13,7,3,6,5,,,,,,
129.2,2,13,7,3,6,5,,,,,,
129.2,1,,,,,,,,,,,
129.2,8,12,17,4,,,,,,,,
129.2,15,9,11,16,18,10,14,,,,,
132.2,8,12,17,4,,,,,,,,
132.2,1,,,,,,,,,,,
132.2,2,13,7,3,6,5,,,,,,
132.2,15,9,11,16,18,10,14,,,,,
135.2,9,11,16,18,10,14,,,,,,
135.2,8,12,17,4,,,,,,,,
135.2,15,1,,,,,,,,,,
135.2,2,13,7,3,6,5,,,,,,
138.2,2,13,7,3,6,5,,,,,,
138.2,9,11,16,18,10,14,,,,,,
138.2,8,12,17,4,,,,,,,,
138.2,15,1,,,,,,,,,,
141.2,9,11,16,18,10,14,,,,,,
141.2,8,12,17,4,,,,,,,,
141.2,15,1,,,,,,,,,,
141.2,2,13,7,3,6,5,,,,,,
144.2,2,13,7,3,6,5,,,,,,
144.2,15,1,,,,,,,,,,
144.2,8,12,17,4,,,,,,,,
144.2,9,11,16,18,10,14,,,,,,
147.2,9,11,16,18,10,14,,,,,,
147.2,15,1,,,,,,,,,,
147.2,2,13,7,3,6,5,,,,,,
147.2,8,12,17,4,,,,,,,,
150.2,9,11,16,18,10,14,,,,,,
150.2,8,12,17,4,,,,,,,,
150.2,15,1,,,,,,,,,,
150.2,2,13,7,3,6,5,,,,,,
153.2,9,11,16,18,10,14,,,,,,
153.2,15,1,,,,,,,,,,
153.2,2,13,7,3,6,5,,,,,,
153.2,8,12,17,4,,,,,,,,
156.2,8,12,17,4,,,,,,,,
156.2,9,11,16,18,10,14,,,,,,
156.2,15,1,,,,,,,,,,
156.2,2,13,7,3,6,5,,,,,,
159.2,9,11,16,18,10,14,,,,,,
159.2,2,13,7,3,6,5,,,,,,
159.2,15,1,,,,,,,,,,
159.2,8,12,17,4,,,,,,,,
162.2,8,12,17,4,,,,,,,,
162.2,9,11,16,18,10,14,,,,,,
162.2,15,1,,,,,,,,,,
162.2,2,13,7,3,6,5,,,,,,
165.2,9,11,16,18,10,14,,,,,,
165.2,15,1,,,,,,,,,,
165.2,2,13,7,3,6,5,,,,,,
165.2,8,12,17,4,,,,,,,,
168.2,8,12,17,4,,,,,,,,
168.2,9,11,16,18,10,14,,,,,,
168.2,2,13,7,3,6,5,,,,,,
168.2,15,1,,,,,,,,,,
171.2,15,1,,,,,,,,,,
171.2,9,11,16,18,10,14,,,,,,
171.2,2,13,7,3,6,5,,,,,,
171.2,8,12,17,4,,,,,,,,
174.2,8,12,17,4,,,,,,,,
174.2,9,11,16,18,10,14,,,,,,
174.2,15,1,,,,,,,,,,
174.2,2,13,7,3,6,5,,,,,,
177.2,15,9,11,16,18,1,10,14,,,,
177.2,2,13,7,3,6,5,,,,,,
177.2,8,12,17,4,,,,,,,,
180.2,2,13,7,3,6,5,,,,,,
180.2,8,12,17,4,,,,,,,,
180.2,9,11,16,18,10,14,,,,,,
180.2,15,1,,,,,,,,,,
183.2,9,11,16,18,10,14,,,,,,
183.2,2,13,7,3,6,5,,,,,,
183.2,15,1,,,,,,,,,,
183.2,8,12,17,4,,,,,,,,
186.2,9,11,16,18,10,14,,,,,,
186.2,8,12,17,4,,,,,,,,
186.2,15,1,,,,,,,,,,
186.2,2,13,7,3,6,5,,,,,,
189.2,15,1,,,,,,,,,,
189.2,9,11,16,18,10,14,,,,,,
189.2,2,13,7,3,6,5,,,,,,
189.2,8,12,17,4,,,,,,,,
192.2,9,11,16,18,10,14,,,,,,
192.2,8,12,17,4,,,,,,,,
192.2,15,1,,,,,,,,,,
192.2,2,13,7,3,6,5,,,,,,
195.2,9,11,16,18,10,14,,,,,,
195.2,2,13,7,3,6,5,,,,,,
195.2,15,1,,,,,,,,,,
195.2,8,12,17,4,,,,,,,,
198.2,9,11,16,18,10,14,,,,,,
198.2,8,12,17,4,,,,,,,,
198.2,15,1,,,,,,,,,,
198.2,2,13,7,3,6,5,,,,,,
201.2,9,11,16,18,10,14,,,,,,
201.2,15,1,,,,,,,,,,
201.2,2,13,7,3,6,5,,,,,,
201.2,8,12,17,4,,,,,,,,
204.2,9,16,18,14,,,,,,,,
204.2,8,12,17,4,,,,,,,,
204.2,2,13,7,3,6,5,,,,,,
204.2,15,1,10,,,,,,,,,
204.2,11,,,,,,,,,,,
207.2,15,1,10,,,,,,,,,
207.2,2,13,11,7,3,6,5,,,,,
207.2,9,16,18,14,,,,,,,,
207.2,8,12,17,4,,,,,,,,
210.2,9,16,18,14,,,,,,,,
210.2,15,1,10,,,,,,,,,
210.2,2,13,11,7,3,6,5,,,,,
210.2,8,12,17,4,,,,,,,,
213.2,8,12,17,4,,,,,,,,
213.2,15,1,10,,,,,,,,,
213.2,9,16,18,14,,,,,,,,
213.2,2,13,11,7,3,6,5,,,,,
216.2,9,16,18,14,,,,,,,,
216.2,2,13,11,7,3,6,5,,,,,
216.2,8,12,17,4,,,,,,,,
216.2,15,1,10,,,,,,,,,
219.2,9,16,18,14,,,,,,,,
219.2,15,1,10,,,,,,,,,
219.2,2,13,11,7,3,6,5,,,,,
219.2,8,12,17,4,,,,,,,,
222.2,9,16,18,14,,,,,,,,
222.2,2,13,11,7,3,6,5,,,,,
222.2,15,1,10,,,,,,,,,
222.2,8,12,17,4,,,,,,,,
225.2,8,12,17,4,,,,,,,,
225.2,15,1,10,,,,,,,,,
225.2,9,16,18,14,,,,,,,,
225.2,2,13,11,7,3,6,5,,,,,
228.2,2,13,11,7,3,6,5,,,,,
228.2,15,1,10,,,,,,,,,
228.2,9,16,18,14,,,,,,,,
228.2,8,12,17,4,,,,,,,,
231.2,8,12,17,4,,,,,,,,
231.2,15,1,10,,,,,,,,,
231.2,9,16,18,14,,,,,,,,
231.2,2,13,11,7,3,6,5,,,,,
234.2,2,13,11,7,3,6,5,,,,,
234.2,15,1,10,,,,,,,,,
234.2,8,12,17,4,,,,,,,,
234.2,9,16,18,14,,,,,,,,
237.2,9,16,18,14,,,,,,,,
237.2,8,12,17,4,,,,,,,,
237.2,15,1,10,,,,,,,,,
237.2,2,13,11,7,3,6,5,,,,,
240.2,2,13,11,7,3,6,5,,,,,
240.2,15,1,10,,,,,,,,,
240.2,9,16,18,14,,,,,,,,
240.2,8,12,17,4,,,,,,,,
243.2,15,1,10,,,,,,,,,
243.2,2,13,11,7,3,6,5,,,,,
243.2,9,16,18,14,,,,,,,,
243.2,8,12,17,4,,,,,,,,
246.2,9,16,18,14,,,,,,,,
246.2,8,12,17,4,,,,,,,,
246.2,15,1,10,,,,,,,,,
246.2,2,13,11,7,3,6,5,,,,,
249.2,9,16,18,14,,,,,,,,
249.2,2,13,11,7,3,6,5,,,,,
249.2,15,1,10,,,,,,,,,
249.2,8,12,17,4,,,,,,,,
252.2,9,16,18,14,,,,,,,,
252.2,8,12,17,4,,,,,,,,
252.2,15,1,10,,,,,,,,,
252.2,2,13,11,7,3,6,5,,,,,
255.2,9,16,18,14,,,,,,,,
255.2,15,1,10,,,,,,,,,
255.2,2,13,11,7,3,6,5,,,,,
255.2,8,12,17,4,,,,,,,,
258.2,8,12,17,4,,,,,,,,
258.2,9,16,18,14,,,,,,,,
258.2,15,1,10,,,,,,,,,
258.2,2,13,11,7,3,6,5,,,,,
261.2,9,16,18,14,,,,,,,,
261.2,15,1,10,,,,,,,,,
261.2,2,13,11,7,3,6,5,,,,,
261.2,8,12,17,4,,,,,,,,
264.2,8,12,17,4,,,,,,,,
264.2,9,16,18,14,,,,,,,,
264.2,15,1,10,,,,,,,,,
264.2,2,13,11,7,3,6,5,,,,,
267.2,2,13,11,7,3,6,5,,,,,
267.2,15,1,10,,,,,,,,,
267.2,9,16,18,14,,,,,,,,
267.2,8,12,17,4,,,,,,,,
270.2,8,12,17,4,,,,,,,,
270.2,9,16,18,14,,,,,,,,
270.2,15,1,10,,,,,,,,,
270.2,2,13,11,7,3,6,5,,,,,
273.2,2,13,11,7,3,6,5,,,,,
273.2,15,1,10,,,,,,,,,
273.2,9,16,18,14,,,,,,,,
273.2,8,12,17,4,,,,,,,,
276.2,8,12,17,4,,,,,,,,
276.2,9,16,18,14,,,,,,,,
276.2,15,1,10,,,,,,,,,
276.2,2,13,11,7,3,6,5,,,,,
279.2,9,16,18,14,,,,,,,,
279.2,2,13,11,7,3,6,5,,,,,
279.2,15,1,10,,,,,,,,,
279.2,8,12,17,4,,,,,,,,
282.2,8,12,17,4,,,,,,,,
282.2,9,16,18,14,,,,,,,,
282.2,15,1,10,,,,,,,,,
282.2,2,13,11,7,3,6,5,,,,,
285.2,9,16,18,14,,,,,,,,
285.2,2,13,11,7,3,6,5,,,,,
285.2,15,1,10,,,,,,,,,
285.2,8,12,17,4,,,,,,,,
288.2,8,12,17,4,,,,,,,,
288.2,9,16,18,14,,,,,,,,
288.2,15,1,10,,,,,,,,,
288.2,2,13,11,7,3,6,5,,,,,
291.2,2,13,11,7,3,6,5,,,,,
291.2,15,1,10,,,,,,,,,
291.2,9,16,18,14,,,,,,,,
291.2,8,12,17,4,,,,,,,,
294.2,8,12,17,4,,,,,,,,
294.2,9,16,18,14,,,,,,,,
294.2,2,13,11,7,3,6,5,,,,,
294.2,15,1,10,,,,,,,,,
297.2,9,16,18,14,,,,,,,,
297.2,15,1,10,,,,,,,,,
297.2,8,12,17,4,,,,,,,,
297.2,2,13,11,7,3,6,5,,,,,
300.2,9,16,18,14,,,,,,,,
300.2,15,1,10,,,,,,,,,
300.2,8,12,17,4,,,,,,,,
300.2,2,13,11,7,3,6,5,,,,,
303.2,9,16,18,14,,,,,,,,
303.2,15,1,10,,,,,,,,,
303.2,8,12,17,4,,,,,,,,
303.2,2,13,11,7,3,6,5,,,,,
306.2,9,16,18,14,,,,,,,,
306.2,15,1,10,,,,,,,,,
306.2,8,12,17,4,,,,,,,,
306.2,2,13,11,7,3,6,5,,,,,
309.2,9,16,18,14,,,,,,,,
309.2,15,1,10,,,,,,,,,
309.2,8,12,17,4,,,,,,,,
309.2,2,13,11,7,3,6,5,,,,,
312.2,9,18,14,,,,,,,,,
312.2,15,1,10,,,,,,,,,
312.2,8,12,17,4,,,,,,,,
312.2,2,13,11,7,3,6,5,,,,,
312.2,16,,,,,,,,,,,
315.2,9,18,14,,,,,,,,,
315.2,15,1,10,,,,,,,,,
315.2,8,12,17,4,,,,,,,,
315.2,2,13,11,7,16,3,6,5,,,,
318.2,9,18,14,,,,,,,,,
318.2,15,1,10,,,,,,,,,
318.2,8,12,17,4,,,,,,,,
318.2,2,13,11,7,16,3,6,5,,,,
321.2,9,18,14,,,,,,,,,
321.2,15,1,10,,,,,,,,,
321.2,8,12,17,4,,,,,,,,
321.2,2,13,11,7,16,3,6,5,,,,
324.2,9,18,14,,,,,,,,,
324.2,15,1,10,,,,,,,,,
324.2,8,12,17,4,,,,,,,,
324.2,2,13,11,7,16,3,6,5,,,,
327.2,9,18,14,,,,,,,,,
327.2,15,1,10,,,,,,,,,
327.2,8,12,17,4,,,,,,,,
327.2,2,13,11,7,16,3,6,5,,,,
330.2,9,18,14,,,,,,,,,
330.2,15,1,10,,,,,,,,,
330.2,8,12,17,4,,,,,,,,
330.2,2,13,11,7,16,3,6,5,,,,
333.2,9,18,14,,,,,,,,,
333.2,15,1,10,,,,,,,,,
333.2,8,12,17,4,,,,,,,,
333.2,2,13,11,7,16,3,6,5,,,,
336.2,18,14,,,,,,,,,,
336.2,15,1,10,,,,,,,,,
336.2,8,12,17,4,,,,,,,,
336.2,2,13,11,7,16,3,6,5,,,,
336.2,9,,,,,,,,,,,
339.2,18,14,,,,,,,,,,
339.2,15,1,10,,,,,,,,,
339.2,8,12,17,4,,,,,,,,
339.2,2,13,11,7,16,3,6,5,,,,
339.2,9,,,,,,,,,,,
342.2,18,14,,,,,,,,,,
342.2,15,1,10,,,,,,,,,
342.2,8,12,17,4,,,,,,,,
342.2,2,13,11,7,16,3,6,5,,,,
342.2,9,,,,,,,,,,,
345.2,18,14,,,,,,,,,,
345.2,15,1,10,,,,,,,,,
345.2,8,12,17,4,,,,,,,,
345.2,2,13,11,7,16,3,6,5,,,,
345.2,9,,,,,,,,,,,
348.2,18,14,,,,,,,,,,
348.2,15,1,10,,,,,,,,,
348.2,2,13,11,7,16,3,6,5,,,,
348.2,8,9,12,17,4,,,,,,,
351.2,18,14,,,,,,,,,,
351.2,15,1,10,,,,,,,,,
351.2,2,13,11,7,16,3,6,5,,,,
351.2,8,9,12,17,4,,,,,,,
354.2,18,14,,,,,,,,,,
354.2,15,1,10,,,,,,,,,
354.2,2,13,11,7,16,3,6,5,,,,
354.2,8,9,12,17,4,,,,,,,
357.2,18,14,,,,,,,,,,
357.2,15,1,10,,,,,,,,,
357.2,2,13,11,7,16,3,6,5,,,,
357.2,8,9,12,17,4,,,,,,,
360.2,18,14,,,,,,,,,,
360.2,15,1,10,,,,,,,,,
360.2,2,13,11,7,16,3,6,5,,,,
360.2,8,9,12,17,4,,,,,,,
363.2,18,14,,,,,,,,,,
363.2,15,1,10,,,,,,,,,
363.2,2,13,11,7,16,3,6,5,,,,
363.2,8,9,12,17,4,,,,,,,
366.2,18,14,,,,,,,,,,
366.2,15,1,10,,,,,,,,,
366.2,2,13,11,7,16,3,6,5,,,,
366.2,8,9,12,17,4,,,,,,,
369.2,18,,,,,,,,,,,
369.2,15,1,10,,,,,,,,,
369.2,2,13,11,7,16,3,6,5,,,,
369.2,8,9,12,17,4,,,,,,,
369.2,14,,,,,,,,,,,
372.2,18,,,,,,,,,,,
372.2,15,1,10,,,,,,,,,
372.2,2,13,11,7,16,3,6,5,,,,
372.2,8,9,12,17,4,,,,,,,
372.2,14,,,,,,,,,,,
375.2,18,,,,,,,,,,,
375.2,15,1,10,,,,,,,,,
375.2,2,13,11,7,16,3,6,5,,,,
375.2,8,9,12,17,4,,,,,,,
375.2,14,,,,,,,,,,,
378.2,18,,,,,,,,,,,
378.2,15,1,10,,,,,,,,,
378.2,2,13,11,7,16,3,6,5,,,,
378.2,8,9,12,17,4,,,,,,,
378.2,14,,,,,,,,,,,
381.2,18,,,,,,,,,,,
381.2,15,1,10,,,,,,,,,
381.2,2,13,11,7,16,3,6,,,,,
381.2,8,9,12,17,4,,,,,,,
381.2,14,,,,,,,,,,,
381.2,5,,,,,,,,,,,
384.2,15,1,10,,,,,,,,,
384.2,2,13,11,7,16,3,6,,,,,
384.2,8,9,12,17,4,,,,,,,
384.2,18,14,5,,,,,,,,,
387.2,15,1,10,,,,,,,,,
387.2,2,13,11,7,16,3,6,,,,,
387.2,8,9,12,17,4,,,,,,,
387.2,18,14,5,,,,,,,,,
390.2,15,1,10,,,,,,,,,
390.2,2,13,11,7,16,3,6,,,,,
390.2,8,9,12,17,4,,,,,,,
390.2,18,14,5,,,,,,,,,
393.2,15,1,10,,,,,,,,,
393.2,2,13,11,7,16,3,6,,,,,
393.2,8,9,12,17,4,,,,,,,
393.2,18,14,5,,,,,,,,,
396.2,15,1,10,,,,,,,,,
396.2,2,13,11,7,16,3,6,,,,,
396.2,8,9,12,17,4,,,,,,,
396.2,18,14,5,,,,,,,,,
399.2,15,1,10,,,,,,,,,
399.2,2,13,11,7,16,3,6,,,,,
399.2,8,9,12,17,4,,,,,,,
399.2,18,14,5,,,,,,,,,
402.2,15,1,10,,,,,,,,,
402.2,2,13,11,7,16,3,6,,,,,
402.2,8,9,12,17,4,,,,,,,
402.2,18,14,5,,,,,,,,,
405.2,15,1,10,,,,,,,,,
405.2,2,13,11,7,16,3,6,,,,,
405.2,8,9,12,17,4,,,,,,,
405.2,18,14,5,,,,,,,,,
408.2,15,1,10,,,,,,,,,
408.2,2,13,11,7,16,3,6,,,,,
408.2,8,9,12,17,4,,,,,,,
408.2,18,14,5,,,,,,,,,
411.2,15,1,10,,,,,,,,,
411.2,2,13,11,7,16,3,6,,,,,
411.2,8,9,12,17,4,,,,,,,
411.2,18,14,5,,,,,,,,,
414.2,15,1,10,,,,,,,,,
414.2,2,13,11,7,16,3,6,,,,,
414.2,8,9,12,17,4,,,,,,,
414.2,18,14,5,,,,,,,,,
417.2,15,1,10,,,,,,,,,
417.2,2,13,11,7,16,3,6,,,,,
417.2,8,9,12,17,4,,,,,,,
417.2,18,14,5,,,,,,,,,
420.2,15,1,10,,,,,,,,,
420.2,2,13,11,7,16,3,6,,,,,
420.2,8,9,12,17,4,,,,,,,
420.2,18,14,5,,,,,,,,,
423.2,15,1,10,,,,,,,,,
423.2,2,13,11,7,16,3,6,,,,,
423.2,8,9,12,17,4,,,,,,,
423.2,18,14,5,,,,,,,,,
426.2,15,1,10,,,,,,,,,
426.2,2,13,11,7,16,3,6,,,,,
426.2,8,9,12,17,4,,,,,,,
426.2,18,14,5,,,,,,,,,
429.2,15,1,10,,,,,,,,,
429.2,2,13,11,7,16,3,6,,,,,
429.2,8,9,12,17,4,,,,,,,
429.2,18,14,5,,,,,,,,,
432.2,15,1,10,,,,,,,,,
432.2,2,13,11,7,16,3,6,,,,,
432.2,8,9,12,17,4,,,,,,,
432.2,18,14,5,,,,,,,,,
435.2,15,1,10,,,,,,,,,
435.2,2,13,11,7,16,3,6,,,,,
435.2,8,9,12,17,4,,,,,,,
435.2,18,14,5,,,,,,,,,
438.2,15,1,10,,,,,,,,,
438.2,2,13,11,7,16,3,6,,,,,
438.2,8,9,12,17,4,,,,,,,
438.2,18,14,5,,,,,,,,,
441.2,15,1,10,,,,,,,,,
441.2,2,13,11,7,16,3,6,,,,,
441.2,8,9,12,17,4,,,,,,,
441.2,18,14,5,,,,,,,,,
444.2,15,1,10,,,,,,,,,
444.2,2,13,11,7,16,3,6,,,,,
444.2,8,9,12,17,4,,,,,,,
444.2,18,14,5,,,,,,,,,
447.2,15,1,10,,,,,,,,,
447.2,2,13,11,7,16,3,6,,,,,
447.2,8,9,12,17,4,,,,,,,
447.2,18,14,5,,,,,,,,,
450.2,15,1,10,,,,,,,,,
450.2,2,13,11,7,16,3,6,,,,,
450.2,8,9,12,17,4,,,,,,,
450.2,18,14,5,,,,,,,,,
453.2,15,1,10,,,,,,,,,
453.2,2,13,11,7,16,3,6,,,,,
453.2,8,9,12,17,4,,,,,,,
453.2,18,14,5,,,,,,,,,
456.2,15,1,10,,,,,,,,,
456.2,2,13,11,7,16,3,6,,,,,
456.2,8,9,12,17,4,,,,,,,
456.2,18,14,5,,,,,,,,,
459.2,15,1,10,,,,,,,,,
459.2,2,13,11,7,16,3,6,,,,,
459.2,8,9,12,17,4,,,,,,,
459.2,18,14,5,,,,,,,,,
462.2,15,1,10,,,,,,,,,
462.2,2,13,11,7,16,3,6,,,,,
462.2,8,9,12,17,4,,,,,,,
462.2,18,14,5,,,,,,,,,
465.2,15,1,10,,,,,,,,,
465.2,2,13,11,7,16,3,6,,,,,
465.2,8,9,12,17,4,,,,,,,
465.2,18,14,5,,,,,,,,,
468.2,15,1,10,,,,,,,,,
468.2,2,13,11,7,16,3,6,,,,,
468.2,8,9,12,17,4,,,,,,,
468.2,18,14,5,,,,,,,,,
471.2,15,1,10,,,,,,,,,
471.2,2,13,11,7,16,3,6,,,,,
471.2,8,9,12,17,4,,,,,,,
471.2,18,14,5,,,,,,,,,
474.2,15,1,10,,,,,,,,,
474.2,2,13,11,7,16,3,6,,,,,
474.2,8,9,12,17,4,,,,,,,
474.2,18,14,5,,,,,,,,,
477.2,15,1,10,,,,,,,,,
477.2,2,13,11,7,16,3,6,,,,,
477.2,8,9,12,17,4,,,,,,,
477.2,18,14,5,,,,,,,,,
480.2,15,1,10,,,,,,,,,
480.2,2,13,11,7,16,3,6,,,,,
480.2,8,9,12,17,4,,,,,,,
480.2,18,14,5,,,,,,,,,
483.2,15,1,10,,,,,,,,,
483.2,2,13,11,7,16,3,6,,,,,
483.2,8,9,12,17,4,,,,,,,
483.2,18,14,5,,,,,,,,,
486.2,15,1,10,,,,,,,,,
486.2,2,13,11,7,16,3,6,,,,,
486.2,8,9,12,17,4,,,,,,,
486.2,18,14,5,,,,,,,,,
489.2,15,1,10,,,,,,,,,
489.2,2,13,11,7,16,3,6,,,,,
489.2,8,9,12,17,4,,,,,,,
489.2,18,14,5,,,,,,,,,
492.2,15,1,10,,,,,,,,,
492.2,2,13,11,7,16,3,6,,,,,
492.2,8,9,12,17,4,,,,,,,
492.2,18,14,5,,,,,,,,,
495.2,15,1,10,,,,,,,,,
495.2,2,13,11,7,16,3,6,,,,,
495.2,8,9,12,17,4,,,,,,,
495.2,18,14,5,,,,,,,,,
498.2,15,1,10,,,,,,,,,
498.2,2,13,11,7,16,3,6,,,,,
498.2,8,9,12,17,4,,,,,,,
498.2,18,14,5,,,,,,,,,
501.2,15,1,10,,,,,,,,,
501.2,2,13,11,7,16,3,6,,,,,
501.2,8,9,12,17,4,,,,,,,
501.2,18,14,5,,,,,,,,,
504.2,15,1,10,,,,,,,,,
504.2,2,13,11,7,16,3,6,,,,,
504.2,8,9,12,17,4,,,,,,,
504.2,18,14,5,,,,,,,,,
507.2,15,1,10,,,,,,,,,
507.2,2,13,11,7,16,3,6,,,,,
507.2,8,9,12,17,4,,,,,,,
507.2,18,14,5,,,,,,,,,
510.2,15,1,10,,,,,,,,,
510.2,2,13,11,7,16,3,6,,,,,
510.2,8,9,12,17,4,,,,,,,
510.2,18,14,5,,,,,,,,,
513.2,15,1,10,,,,,,,,,
513.2,2,13,11,7,16,3,6,,,,,
513.2,8,9,12,17,4,,,,,,,
513.2,18,14,5,,,,,,,,,
516.2,15,1,10,,,,,,,,,
516.2,2,13,11,7,16,3,6,,,,,
516.2,8,9,12,17,4,,,,,,,
516.2,18,14,5,,,,,,,,,
519.2,15,1,10,,,,,,,,,
519.2,2,13,11,7,16,3,6,,,,,
519.2,8,9,12,17,4,,,,,,,
519.2,18,14,5,,,,,,,,,
522.2,15,1,10,,,,,,,,,
522.2,2,13,11,7,16,3,6,,,,,
522.2,8,9,12,17,4,,,,,,,
522.2,18,14,5,,,,,,,,,
525.2,15,1,10,,,,,,,,,
525.2,2,13,11,7,16,3,6,,,,,
525.2,8,9,12,17,4,,,,,,,
525.2,18,14,5,,,,,,,,,
528.2,15,1,10,,,,,,,,,
528.2,2,13,11,7,16,3,6,,,,,
528.2,8,9,12,17,4,,,,,,,
528.2,18,14,5,,,,,,,,,
531.2,15,1,10,,,,,,,,,
531.2,2,13,11,7,16,3,6,,,,,
531.2,8,9,12,17,4,,,,,,,
531.2,18,14,5,,,,,,,,,
534.2,15,1,10,,,,,,,,,
534.2,2,13,11,7,16,3,6,,,,,
534.2,8,9,12,17,4,,,,,,,
534.2,18,14,5,,,,,,,,,
537.2,15,1,10,,,,,,,,,
537.2,2,13,11,7,16,3,6,,,,,
537.2,8,9,12,17,4,,,,,,,
537.2,18,14,5,,,,,,,,,
540.2,15,1,10,,,,,,,,,
540.2,2,13,11,7,16,3,6,,,,,
540.2,8,9,12,17,4,,,,,,,
540.2,18,14,5,,,,,,,,,
543.2,15,1,10,,,,,,,,,
543.2,2,13,11,7,16,3,6,,,,,
543.2,8,9,12,17,4,,,,,,,
543.2,18,14,5,,,,,,,,,
546.2,15,1,10,,,,,,,,,
546.2,2,13,11,7,16,3,6,,,,,
546.2,8,9,12,17,4,,,,,,,
546.2,18,14,5,,,,,,,,,
549.2,15,1,10,,,,,,,,,
549.2,2,13,11,7,16,3,6,,,,,
549.2,8,9,12,17,4,,,,,,,
549.2,18,14,5,,,,,,,,,
552.2,15,1,10,,,,,,,,,
552.2,2,13,11,7,16,3,6,,,,,
552.2,8,9,12,17,4,,,,,,,
552.2,18,14,5,,,,,,,,,
555.2,15,1,10,,,,,,,,,
555.2,2,13,11,7,16,3,6,,,,,
555.2,8,9,12,17,4,,,,,,,
555.2,18,14,5,,,,,,,,,
558.2,15,1,10,,,,,,,,,
558.2,2,13,11,16,6,,,,,,,
558.2,8,9,12,17,4,,,,,,,
558.2,18,14,5,,,,,,,,,
558.2,7,,,,,,,,,,,
558.2,3,,,,,,,,,,,
561.2,15,1,10,,,,,,,,,
561.2,2,13,11,16,6,,,,,,,
561.2,8,9,12,17,4,,,,,,,
561.2,18,14,5,,,,,,,,,
561.2,7,,,,,,,,,,,
561.2,3,,,,,,,,,,,
564.2,15,1,10,,,,,,,,,
564.2,2,13,11,16,6,,,,,,,
564.2,18,14,5,,,,,,,,,
564.2,8,9,7,12,3,17,4,,,,,
567.2,15,1,10,,,,,,,,,
567.2,2,13,11,6,,,,,,,,
567.2,18,14,5,,,,,,,,,
567.2,8,9,7,12,3,17,4,,,,,
567.2,16,,,,,,,,,,,
570.2,15,1,10,,,,,,,,,
570.2,2,13,11,6,,,,,,,,
570.2,18,14,5,,,,,,,,,
570.2,8,9,7,12,3,17,4,,,,,
570.2,16,,,,,,,,,,,
573.2,2,11,6,,,,,,,,,
573.2,18,14,5,,,,,,,,,
573.2,8,9,7,12,3,17,4,,,,,
573.2,13,,,,,,,,,,,
573.2,15,16,1,10,,,,,,,,
576.2,2,11,6,,,,,,,,,
576.2,18,14,5,,,,,,,,,
576.2,8,9,7,12,3,17,4,,,,,
576.2,13,,,,,,,,,,,
576.2,15,16,1,10,,,,,,,,
579.2,2,11,6,,,,,,,,,
579.2,18,14,5,,,,,,,,,
579.2,8,9,7,12,3,17,4,,,,,
579.2,13,,,,,,,,,,,
579.2,15,16,1,10,,,,,,,,
582.2,2,11,6,,,,,,,,,
582.2,18,14,5,,,,,,,,,
582.2,8,9,7,12,3,17,4,,,,,
582.2,13,,,,,,,,,,,
582.2,15,16,1,10,,,,,,,,
585.2,2,11,6,,,,,,,,,
585.2,18,14,5,,,,,,,,,
585.2,8,9,7,12,3,17,4,,,,,
585.2,13,,,,,,,,,,,
585.2,15,16,1,10,,,,,,,,
588.2,2,11,6,,,,,,,,,
588.2,18,14,5,,,,,,,,,
588.2,8,9,7,12,3,17,4,,,,,
588.2,13,,,,,,,,,,,
588.2,15,16,1,10,,,,,,,,
591.2,2,11,6,,,,,,,,,
591.2,18,14,5,,,,,,,,,
591.2,8,9,7,12,3,17,4,,,,,
591.2,13,,,,,,,,,,,
591.2,15,16,1,10,,,,,,,,
594.2,2,11,6,,,,,,,,,
594.2,18,14,5,,,,,,,,,
594.2,8,9,7,12,3,17,4,,,,,
594.2,13,,,,,,,,,,,
594.2,15,16,1,10,,,,,,,,
597.2,2,11,6,,,,,,,,,
597.2,18,14,5,,,,,,,,,
597.2,8,9,7,12,3,17,4,,,,,
597.2,13,,,,,,,,,,,
597.2,15,16,1,10,,,,,,,,
600.2,2,11,6,,,,,,,,,
600.2,18,14,5,,,,,,,,,
600.2,8,9,7,12,3,17,4,,,,,
600.2,13,,,,,,,,,,,
600.2,15,16,1,10,,,,,,,,
603.2,2,11,6,,,,,,,,,
603.2,18,14,5,,,,,,,,,
603.2,8,9,7,12,3,17,4,,,,,
603.2,13,,,,,,,,,,,
603.2,15,16,1,10,,,,,,,,
606.2,2,11,6,,,,,,,,,
606.2,18,14,5,,,,,,,,,
606.2,8,9,7,12,3,17,4,,,,,
606.2,13,,,,,,,,,,,
606.2,15,16,1,10,,,,,,,,
609.2,2,11,6,,,,,,,,,
609.2,18,14,5,,,,,,,,,
609.2,8,9,7,12,3,17,4,,,,,
609.2,13,,,,,,,,,,,
609.2,15,16,1,10,,,,,,,,
612.2,2,11,6,,,,,,,,,
612.2,18,14,5,,,,,,,,,
612.2,8,9,7,12,3,17,4,,,,,
612.2,13,,,,,,,,,,,
612.2,15,16,1,10,,,,,,,,
615.2,2,11,6,,,,,,,,,
615.2,18,14,5,,,,,,,,,
615.2,8,9,7,12,3,17,4,,,,,
615.2,13,,,,,,,,,,,
615.2,15,16,1,10,,,,,,,,
618.2,2,11,6,,,,,,,,,
618.2,18,14,5,,,,,,,,,
618.2,8,9,7,12,3,17,4,,,,,
618.2,13,,,,,,,,,,,
618.2,15,16,1,10,,,,,,,,
621.2,2,11,6,,,,,,,,,
621.2,18,14,5,,,,,,,,,
621.2,8,9,7,12,3,17,4,,,,,
621.2,13,,,,,,,,,,,
621.2,15,16,1,10,,,,,,,,
624.2,2,11,6,,,,,,,,,
624.2,18,14,5,,,,,,,,,
624.2,8,9,7,12,3,17,4,,,,,
624.2,13,,,,,,,,,,,
624.2,15,16,1,10,,,,,,,,
627.2,2,11,6,,,,,,,,,
627.2,18,14,5,,,,,,,,,
627.2,8,9,7,12,3,17,4,,,,,
627.2,13,,,,,,,,,,,
627.2,15,16,1,10,,,,,,,,
630.2,2,11,6,,,,,,,,,
630.2,18,14,5,,,,,,,,,
630.2,8,9,7,12,3,17,4,,,,,
630.2,13,,,,,,,,,,,
630.2,15,16,1,10,,,,,,,,
633.2,2,11,6,,,,,,,,,
633.2,18,14,5,,,,,,,,,
633.2,8,9,7,12,3,17,4,,,,,
633.2,13,,,,,,,,,,,
633.2,15,16,1,10,,,,,,,,
636.2,2,11,6,,,,,,,,,
636.2,18,14,5,,,,,,,,,
636.2,8,9,7,12,3,17,4,,,,,
636.2,13,,,,,,,,,,,
636.2,15,16,1,10,,,,,,,,
639.2,2,11,6,,,,,,,,,
639.2,18,14,5,,,,,,,,,
639.2,8,9,12,3,17,4,,,,,,
639.2,13,,,,,,,,,,,
639.2,15,16,1,10,,,,,,,,
639.2,7,,,,,,,,,,,
642.2,2,11,6,,,,,,,,,
642.2,8,9,12,3,17,4,,,,,,
642.2,15,16,1,10,,,,,,,,
642.2,13,7,18,14,5,,,,,,,
645.2,2,11,6,,,,,,,,,
645.2,8,9,12,3,17,4,,,,,,
645.2,15,16,1,10,,,,,,,,
645.2,13,18,,,,,,,,,,
645.2,7,14,5,,,,,,,,,
648.2,2,11,6,,,,,,,,,
648.2,8,9,12,3,17,4,,,,,,
648.2,15,16,1,10,,,,,,,,
648.2,13,18,,,,,,,,,,
648.2,7,14,5,,,,,,,,,
651.2,2,11,6,,,,,,,,,
651.2,8,9,12,3,17,4,,,,,,
651.2,15,16,1,10,,,,,,,,
651.2,13,18,,,,,,,,,,
651.2,7,14,5,,,,,,,,,
654.2,2,11,6,,,,,,,,,
654.2,8,9,12,3,17,4,,,,,,
654.2,15,16,1,10,,,,,,,,
654.2,7,5,,,,,,,,,,
654.2,13,18,14,,,,,,,,,
657.2,2,11,6,,,,,,,,,
657.2,8,9,12,3,17,4,,,,,,
657.2,15,16,1,10,,,,,,,,
657.2,7,5,,,,,,,,,,
657.2,13,18,14,,,,,,,,,
660.2,2,11,6,,,,,,,,,
660.2,8,9,12,3,17,4,,,,,,
660.2,15,16,1,10,,,,,,,,
660.2,7,5,,,,,,,,,,
660.2,13,18,14,,,,,,,,,
663.2,2,11,6,,,,,,,,,
663.2,8,9,12,3,17,4,,,,,,
663.2,15,16,1,10,,,,,,,,
663.2,7,5,,,,,,,,,,
663.2,13,18,14,,,,,,,,,
666.2,2,11,6,,,,,,,,,
666.2,8,9,12,3,17,4,,,,,,
666.2,15,16,1,10,,,,,,,,
666.2,7,5,,,,,,,,,,
666.2,13,18,14,,,,,,,,,
669.2,2,11,6,,,,,,,,,
669.2,8,9,12,3,17,4,,,,,,
669.2,15,16,1,10,,,,,,,,
669.2,7,5,,,,,,,,,,
669.2,13,18,14,,,,,,,,,
672.2,2,11,6,,,,,,,,,
672.2,8,9,12,3,17,4,,,,,,
672.2,15,16,1,10,,,,,,,,
672.2,7,5,,,,,,,,,,
672.2,13,18,14,,,,,,,,,
675.2,2,11,6,,,,,,,,,
675.2,8,9,12,3,17,4,,,,,,
675.2,15,16,1,10,,,,,,,,
675.2,7,5,,,,,,,,,,
675.2,13,18,14,,,,,,,,,
678.2,2,11,6,,,,,,,,,
678.2,8,9,12,3,17,4,,,,,,
678.2,15,16,1,10,,,,,,,,
678.2,7,5,,,,,,,,,,
678.2,13,18,14,,,,,,,,,
681.2,2,11,6,,,,,,,,,
681.2,8,9,12,3,17,4,,,,,,
681.2,15,16,1,10,,,,,,,,
681.2,7,5,,,,,,,,,,
681.2,13,18,14,,,,,,,,,
684.2,2,11,6,,,,,,,,,
684.2,8,9,12,3,17,4,,,,,,
684.2,15,16,1,10,,,,,,,,
684.2,7,5,,,,,,,,,,
684.2,13,18,14,,,,,,,,,
687.2,2,11,6,,,,,,,,,
687.2,8,9,12,3,17,4,,,,,,
687.2,15,16,1,10,,,,,,,,
687.2,7,5,,,,,,,,,,
687.2,13,18,14,,,,,,,,,
690.2,2,11,6,,,,,,,,,
690.2,8,9,12,3,17,4,,,,,,
690.2,15,16,1,10,,,,,,,,
690.2,7,5,,,,,,,,,,
690.2,13,18,14,,,,,,,,,
693.2,2,11,6,,,,,,,,,
693.2,8,9,12,3,17,4,,,,,,
693.2,15,16,1,10,,,,,,,,
693.2,7,5,,,,,,,,,,
693.2,13,18,14,,,,,,,,,
696.2,2,11,6,,,,,,,,,
696.2,8,9,12,3,17,4,,,,,,
696.2,15,16,1,10,,,,,,,,
696.2,7,5,,,,,,,,,,
696.2,13,18,14,,,,,,,,,
699.2,2,11,6,,,,,,,,,
699.2,8,9,12,3,17,4,,,,,,
699.2,15,16,1,10,,,,,,,,
699.2,7,5,,,,,,,,,,
699.2,13,18,14,,,,,,,,,
702.2,2,11,6,,,,,,,,,
702.2,8,9,12,3,17,4,,,,,,
702.2,15,16,1,10,,,,,,,,
702.2,7,5,,,,,,,,,,
702.2,13,18,14,,,,,,,,,
705.2,2,11,6,,,,,,,,,
705.2,8,9,12,3,17,4,,,,,,
705.2,15,16,1,10,,,,,,,,
705.2,7,5,,,,,,,,,,
705.2,13,18,14,,,,,,,,,
708.2,2,11,6,,,,,,,,,
708.2,8,9,12,3,17,4,,,,,,
708.2,15,16,1,10,,,,,,,,
708.2,7,5,,,,,,,,,,
708.2,13,18,14,,,,,,,,,
711.2,2,11,6,,,,,,,,,
711.2,8,9,12,3,17,4,,,,,,
711.2,15,16,1,10,,,,,,,,
711.2,7,5,,,,,,,,,,
711.2,13,18,14,,,,,,,,,
714.2,2,11,6,,,,,,,,,
714.2,8,9,12,3,17,4,,,,,,
714.2,15,16,1,10,,,,,,,,
714.2,7,5,,,,,,,,,,
714.2,13,18,14,,,,,,,,,
717.2,2,11,6,,,,,,,,,
717.2,8,9,12,3,17,4,,,,,,
717.2,15,16,1,10,,,,,,,,
717.2,7,5,,,,,,,,,,
717.2,13,18,14,,,,,,,,,
720.2,2,11,6,,,,,,,,,
720.2,8,9,12,3,17,4,,,,,,
720.2,15,16,1,10,,,,,,,,
720.2,7,,,,,,,,,,,
720.2,13,18,14,,,,,,,,,
720.2,5,,,,,,,,,,,
723.2,2,11,6,,,,,,,,,
723.2,15,16,1,10,,,,,,,,
723.2,13,18,14,,,,,,,,,
723.2,8,9,12,3,17,5,4,,,,,
723.2,7,,,,,,,,,,,
726.2,2,11,6,,,,,,,,,
726.2,15,16,1,10,,,,,,,,
726.2,8,9,12,3,17,5,4,,,,,
726.2,13,7,18,14,,,,,,,,
729.2,2,11,6,,,,,,,,,
729.2,15,16,1,10,,,,,,,,
729.2,8,9,12,3,17,5,4,,,,,
729.2,13,7,18,14,,,,,,,,
732.2,2,11,6,,,,,,,,,
732.2,15,16,1,10,,,,,,,,
732.2,8,9,12,3,17,5,4,,,,,
732.2,13,14,,,,,,,,,,
732.2,7,18,,,,,,,,,,
735.2,2,11,6,,,,,,,,,
735.2,15,16,1,10,,,,,,,,
735.2,8,9,12,3,17,4,,,,,,
735.2,13,14,,,,,,,,,,
735.2,7,18,,,,,,,,,,
735.2,5,,,,,,,,,,,
738.2,2,11,6,,,,,,,,,
738.2,15,16,1,10,5,,,,,,,
738.2,8,9,12,3,17,4,,,,,,
738.2,13,14,,,,,,,,,,
738.2,7,18,,,,,,,,,,
741.2,2,11,6,,,,,,,,,
741.2,15,16,1,10,5,,,,,,,
741.2,8,9,12,3,17,4,,,,,,
741.2,13,14,,,,,,,,,,
741.2,7,18,,,,,,,,,,
744.2,2,11,6,,,,,,,,,
744.2,8,9,12,3,17,4,,,,,,
744.2,13,14,,,,,,,,,,
744.2,7,18,,,,,,,,,,
744.2,15,16,1,10,5,,,,,,,
747.2,2,11,6,,,,,,,,,
747.2,8,9,12,3,17,4,,,,,,
747.2,13,14,,,,,,,,,,
747.2,7,18,,,,,,,,,,
747.2,5,,,,,,,,,,,
747.2,15,16,1,10,,,,,,,,
750.2,2,11,6,,,,,,,,,
750.2,8,9,12,3,17,4,,,,,,
750.2,13,14,,,,,,,,,,
750.2,7,18,,,,,,,,,,
750.2,5,,,,,,,,,,,
750.2,15,16,1,10,,,,,,,,
753.2,2,11,6,5,,,,,,,,
753.2,8,9,12,3,17,4,,,,,,
753.2,13,14,,,,,,,,,,
753.2,7,18,,,,,,,,,,
753.2,15,16,1,10,,,,,,,,
756.2,2,11,6,5,,,,,,,,
756.2,8,9,12,3,17,4,,,,,,
756.2,13,14,,,,,,,,,,
756.2,7,18,,,,,,,,,,
756.2,15,16,1,10,,,,,,,,
759.2,2,11,6,5,,,,,,,,
759.2,8,9,12,3,17,4,,,,,,
759.2,13,14,,,,,,,,,,
759.2,7,18,,,,,,,,,,
759.2,15,16,1,10,,,,,,,,
762.2,2,11,6,5,,,,,,,,
762.2,8,9,12,3,17,4,,,,,,
762.2,13,14,,,,,,,,,,
762.2,7,18,,,,,,,,,,
762.2,15,16,1,10,,,,,,,,
765.2,2,11,6,5,,,,,,,,
765.2,8,9,12,3,17,4,,,,,,
765.2,13,14,,,,,,,,,,
765.2,7,18,,,,,,,,,,
765.2,15,16,1,10,,,,,,,,
768.2,2,11,6,5,,,,,,,,
768.2,8,9,12,3,17,4,,,,,,
768.2,13,14,,,,,,,,,,
768.2,7,18,,,,,,,,,,
768.2,15,16,1,10,,,,,,,,
771.2,2,11,6,5,,,,,,,,
771.2,8,9,12,3,17,4,,,,,,
771.2,13,14,,,,,,,,,,
771.2,7,18,,,,,,,,,,
771.2,15,16,1,10,,,,,,,,
774.2,2,11,6,5,,,,,,,,
774.2,8,9,12,3,17,4,,,,,,
774.2,13,14,,,,,,,,,,
774.2,7,18,,,,,,,,,,
774.2,15,16,1,10,,,,,,,,
777.2,2,11,6,5,,,,,,,,
777.2,8,9,12,3,17,4,,,,,,
777.2,13,14,,,,,,,,,,
777.2,7,18,,,,,,,,,,
777.2,15,16,1,10,,,,,,,,
780.2,2,11,6,5,,,,,,,,
780.2,8,9,12,3,17,4,,,,,,
780.2,13,14,,,,,,,,,,
780.2,7,18,,,,,,,,,,
780.2,15,16,1,10,,,,,,,,
783.2,2,11,6,5,,,,,,,,
783.2,8,9,12,3,17,4,,,,,,
783.2,13,14,,,,,,,,,,
783.2,7,18,,,,,,,,,,
783.2,15,16,1,10,,,,,,,,
786.2,2,11,6,5,,,,,,,,
786.2,8,9,12,3,17,4,,,,,,
786.2,13,14,,,,,,,,,,
786.2,7,18,,,,,,,,,,
786.2,15,16,1,10,,,,,,,,
789.2,2,11,6,5,,,,,,,,
789.2,8,9,12,3,17,4,,,,,,
789.2,13,14,,,,,,,,,,
789.2,7,18,,,,,,,,,,
789.2,15,16,1,10,,,,,,,,
792.2,2,11,6,5,,,,,,,,
792.2,8,9,12,3,17,4,,,,,,
792.2,13,14,,,,,,,,,,
792.2,7,18,,,,,,,,,,
792.2,15,16,1,10,,,,,,,,
795.2,2,11,6,5,,,,,,,,
795.2,8,9,12,3,17,4,,,,,,
795.2,13,14,,,,,,,,,,
795.2,7,18,,,,,,,,,,
795.2,15,16,1,10,,,,,,,,
798.2,2,11,5,,,,,,,,,
798.2,8,9,12,3,17,4,,,,,,
798.2,13,14,,,,,,,,,,
798.2,7,18,,,,,,,,,,
798.2,15,16,1,10,,,,,,,,
798.2,6,,,,,,,,,,,
801.2,2,11,5,,,,,,,,,
801.2,13,14,,,,,,,,,,
801.2,7,18,,,,,,,,,,
801.2,15,16,1,10,,,,,,,,
801.2,8,9,12,3,17,6,4,,,,,
804.2,2,11,5,,,,,,,,,
804.2,13,14,,,,,,,,,,
804.2,7,18,,,,,,,,,,
804.2,15,16,1,10,,,,,,,,
804.2,8,9,12,3,17,6,4,,,,,
807.2,2,11,5,,,,,,,,,
807.2,13,14,,,,,,,,,,
807.2,7,18,,,,,,,,,,
807.2,15,16,1,10,,,,,,,,
807.2,8,9,12,3,17,6,4,,,,,
810.2,2,11,5,,,,,,,,,
810.2,13,14,,,,,,,,,,
810.2,7,18,,,,,,,,,,
810.2,15,16,1,10,,,,,,,,
810.2,8,9,12,3,17,6,4,,,,,
813.2,2,11,5,,,,,,,,,
813.2,13,14,,,,,,,,,,
813.2,7,18,,,,,,,,,,
813.2,15,16,1,10,,,,,,,,
813.2,8,9,12,3,17,6,4,,,,,
816.2,2,11,5,,,,,,,,,
816.2,15,16,1,10,,,,,,,,
816.2,7,18,,,,,,,,,,
816.2,13,14,,,,,,,,,,
816.2,8,9,12,3,17,6,4,,,,,
819.2,2,11,5,,,,,,,,,
819.2,13,14,,,,,,,,,,
819.2,7,18,,,,,,,,,,
819.2,15,16,1,10,,,,,,,,
819.2,8,9,12,3,17,6,4,,,,,
822.2,2,11,5,,,,,,,,,
822.2,13,14,,,,,,,,,,
822.2,7,18,,,,,,,,,,
822.2,15,16,1,10,,,,,,,,
822.2,8,9,12,3,17,6,4,,,,,
825.2,2,11,5,,,,,,,,,
825.2,13,14,,,,,,,,,,
825.2,7,18,,,,,,,,,,
825.2,15,16,1,10,,,,,,,,
825.2,8,12,3,17,6,4,,,,,,
828.2,2,11,5,,,,,,,,,
828.2,7,18,,,,,,,,,,
828.2,15,16,1,10,,,,,,,,
828.2,13,14,,,,,,,,,,
828.2,8,9,12,3,17,6,4,,,,,
831.2,2,11,5,,,,,,,,,
831.2,13,14,,,,,,,,,,
831.2,7,18,,,,,,,,,,
831.2,15,16,1,10,,,,,,,,
831.2,8,9,12,3,17,6,4,,,,,
834.2,2,11,5,,,,,,,,,
834.2,13,14,,,,,,,,,,
834.2,7,18,,,,,,,,,,
834.2,15,16,1,10,,,,,,,,
834.2,8,9,12,3,17,6,4,,,,,
837.2,2,11,5,,,,,,,,,
837.2,13,14,,,,,,,,,,
837.2,7,18,,,,,,,,,,
837.2,15,16,1,10,,,,,,,,
837.2,8,9,12,3,17,6,4,,,,,
840.2,2,11,5,,,,,,,,,
840.2,13,14,,,,,,,,,,
840.2,7,18,,,,,,,,,,
840.2,15,16,1,10,,,,,,,,
840.2,8,9,12,3,17,6,4,,,,,
843.2,2,11,5,,,,,,,,,
843.2,13,14,,,,,,,,,,
843.2,7,18,,,,,,,,,,
843.2,15,16,1,10,,,,,,,,
843.2,8,9,12,3,17,6,4,,,,,
846.2,2,11,5,,,,,,,,,
846.2,13,14,,,,,,,,,,
846.2,7,18,,,,,,,,,,
846.2,15,16,1,10,,,,,,,,
846.2,8,9,12,3,17,6,4,,,,,
849.2,2,11,5,,,,,,,,,
849.2,13,14,,,,,,,,,,
849.2,7,18,,,,,,,,,,
849.2,15,16,1,10,,,,,,,,
849.2,8,9,12,3,17,6,4,,,,,
852.2,2,11,5,,,,,,,,,
852.2,13,14,,,,,,,,,,
852.2,7,18,,,,,,,,,,
852.2,15,16,1,10,,,,,,,,
852.2,8,9,12,3,17,6,4,,,,,
855.2,2,11,5,,,,,,,,,
855.2,13,14,,,,,,,,,,
855.2,7,18,,,,,,,,,,
855.2,15,16,1,10,,,,,,,,
855.2,8,9,12,3,17,6,4,,,,,
858.2,2,11,5,,,,,,,,,
858.2,13,14,,,,,,,,,,
858.2,7,18,,,,,,,,,,
858.2,15,16,1,10,,,,,,,,
858.2,8,9,12,3,17,6,4,,,,,
861.2,2,11,5,,,,,,,,,
861.2,13,14,,,,,,,,,,
861.2,7,18,,,,,,,,,,
861.2,15,16,1,10,,,,,,,,
861.2,8,9,12,3,17,6,4,,,,,
864.2,2,11,5,,,,,,,,,
864.2,13,14,,,,,,,,,,
864.2,7,18,,,,,,,,,,
864.2,15,16,1,10,,,,,,,,
864.2,8,9,12,3,17,6,4,,,,,
867.2,2,11,5,,,,,,,,,
867.2,13,14,,,,,,,,,,
867.2,7,18,,,,,,,,,,
867.2,15,16,1,10,,,,,,,,
867.2,8,9,12,3,17,6,4,,,,,
870.2,2,11,5,,,,,,,,,
870.2,13,14,,,,,,,,,,
870.2,7,18,,,,,,,,,,
870.2,15,16,1,10,,,,,,,,
870.2,8,9,12,3,17,6,4,,,,,
873.2,2,11,5,,,,,,,,,
873.2,13,14,,,,,,,,,,
873.2,7,18,,,,,,,,,,
873.2,15,16,1,10,,,,,,,,
873.2,8,9,12,3,17,6,4,,,,,
876.2,2,11,5,,,,,,,,,
876.2,13,14,,,,,,,,,,
876.2,7,18,,,,,,,,,,
876.2,15,16,1,10,,,,,,,,
876.2,8,9,12,3,17,6,4,,,,,
879.2,2,11,5,,,,,,,,,
879.2,13,14,,,,,,,,,,
879.2,7,18,,,,,,,,,,
879.2,15,16,1,10,,,,,,,,
879.2,8,9,12,3,17,6,4,,,,,
882.2,2,11,5,,,,,,,,,
882.2,13,14,,,,,,,,,,
882.2,7,18,,,,,,,,,,
882.2,15,16,1,10,,,,,,,,
882.2,8,9,12,3,17,6,4,,,,,
885.2,2,11,5,,,,,,,,,
885.2,13,14,,,,,,,,,,
885.2,7,18,,,,,,,,,,
885.2,15,16,1,10,,,,,,,,
885.2,8,9,12,3,17,6,4,,,,,
888.2,2,11,5,,,,,,,,,
888.2,13,14,,,,,,,,,,
888.2,7,18,,,,,,,,,,
888.2,15,16,1,10,,,,,,,,
888.2,8,9,12,3,17,6,4,,,,,
891.2,2,11,5,,,,,,,,,
891.2,13,14,,,,,,,,,,
891.2,7,18,,,,,,,,,,
891.2,15,16,1,10,,,,,,,,
891.2,8,9,12,3,17,6,4,,,,,
894.2,2,11,5,,,,,,,,,
894.2,13,14,,,,,,,,,,
894.2,7,18,,,,,,,,,,
894.2,15,16,1,10,,,,,,,,
894.2,8,9,12,3,17,6,4,,,,,
897.2,2,11,5,,,,,,,,,
897.2,13,14,,,,,,,,,,
897.2,7,18,,,,,,,,,,
897.2,15,16,1,10,,,,,,,,
897.2,8,9,12,3,17,6,4,,,,,
900.2,2,11,5,,,,,,,,,
900.2,13,14,,,,,,,,,,
900.2,7,18,,,,,,,,,,
900.2,15,16,1,10,,,,,,,,
900.2,8,9,12,3,17,6,4,,,,,
903.2,2,11,5,,,,,,,,,
903.2,13,14,,,,,,,,,,
903.2,7,18,,,,,,,,,,
903.2,15,16,1,10,,,,,,,,
903.2,8,9,12,3,17,6,4,,,,,
906.2,2,11,5,,,,,,,,,
906.2,13,14,,,,,,,,,,
906.2,7,18,,,,,,,,,,
906.2,15,16,1,10,,,,,,,,
906.2,8,9,12,3,17,6,4,,,,,
909.2,2,11,5,,,,,,,,,
909.2,13,14,,,,,,,,,,
909.2,7,18,,,,,,,,,,
909.2,15,16,1,10,,,,,,,,
909.2,8,9,12,3,17,6,4,,,,,
912.2,2,11,5,,,,,,,,,
912.2,13,14,,,,,,,,,,
912.2,7,18,,,,,,,,,,
912.2,15,16,1,10,,,,,,,,
912.2,8,9,12,3,17,6,4,,,,,
915.2,2,11,5,,,,,,,,,
915.2,13,14,,,,,,,,,,
915.2,7,18,,,,,,,,,,
915.2,15,16,1,10,,,,,,,,
915.2,8,9,12,3,17,6,4,,,,,
918.2,2,11,5,,,,,,,,,
918.2,13,14,,,,,,,,,,
918.2,7,18,,,,,,,,,,
918.2,15,16,1,10,,,,,,,,
918.2,8,9,12,3,17,6,4,,,,,
921.2,2,11,5,,,,,,,,,
921.2,13,14,,,,,,,,,,
921.2,7,18,,,,,,,,,,
921.2,15,16,1,10,,,,,,,,
921.2,8,9,12,3,17,6,4,,,,,
924.2,2,11,5,,,,,,,,,
924.2,13,14,,,,,,,,,,
924.2,7,18,,,,,,,,,,
924.2,15,16,1,10,,,,,,,,
924.2,8,9,12,3,17,6,4,,,,,
927.2,2,11,5,,,,,,,,,
927.2,13,14,,,,,,,,,,
927.2,7,18,,,,,,,,,,
927.2,15,16,1,10,,,,,,,,
927.2,8,12,3,17,6,4,,,,,,
930.2,2,11,5,,,,,,,,,
930.2,13,14,,,,,,,,,,
930.2,7,18,,,,,,,,,,
930.2,15,16,1,10,,,,,,,,
930.2,8,9,12,3,17,6,4,,,,,
933.2,2,11,5,,,,,,,,,
933.2,13,14,,,,,,,,,,
933.2,7,18,,,,,,,,,,
933.2,15,16,1,10,,,,,,,,
933.2,8,9,12,3,17,6,4,,,,,
936.2,2,11,5,,,,,,,,,
936.2,13,14,,,,,,,,,,
936.2,7,18,,,,,,,,,,
936.2,15,16,1,10,,,,,,,,
936.2,8,9,12,3,17,6,4,,,,,
939.2,2,11,5,,,,,,,,,
939.2,13,14,,,,,,,,,,
939.2,7,18,,,,,,,,,,
939.2,15,16,1,10,,,,,,,,
939.2,8,9,12,3,17,6,4,,,,,
942.2,2,11,5,,,,,,,,,
942.2,13,14,,,,,,,,,,
942.2,7,18,,,,,,,,,,
942.2,15,16,1,10,,,,,,,,
942.2,8,9,12,3,17,6,4,,,,,
945.2,2,11,5,,,,,,,,,
945.2,13,14,,,,,,,,,,
945.2,7,18,,,,,,,,,,
945.2,15,16,1,10,,,,,,,,
945.2,8,9,12,3,17,6,4,,,,,
948.2,2,11,5,,,,,,,,,
948.2,13,14,,,,,,,,,,
948.2,7,18,,,,,,,,,,
948.2,15,16,1,10,,,,,,,,
948.2,8,9,12,3,17,6,4,,,,,
951.2,2,11,5,,,,,,,,,
951.2,13,14,,,,,,,,,,
951.2,7,18,,,,,,,,,,
951.2,15,16,1,10,,,,,,,,
951.2,8,9,12,3,17,6,4,,,,,
954.2,2,11,5,,,,,,,,,
954.2,13,14,,,,,,,,,,
954.2,7,18,,,,,,,,,,
954.2,15,16,1,10,,,,,,,,
954.2,8,12,3,17,6,4,,,,,,
957.2,2,11,5,,,,,,,,,
957.2,13,14,,,,,,,,,,
957.2,7,18,,,,,,,,,,
957.2,15,16,1,10,,,,,,,,
957.2,8,9,12,3,17,6,4,,,,,
960.2,2,11,5,,,,,,,,,
960.2,13,14,,,,,,,,,,
960.2,7,18,,,,,,,,,,
960.2,15,16,1,10,,,,,,,,
960.2,8,9,12,3,17,6,4,,,,,
963.2,2,11,5,,,,,,,,,
963.2,13,14,,,,,,,,,,
963.2,7,18,,,,,,,,,,
963.2,15,16,1,10,,,,,,,,
963.2,8,9,12,3,17,6,4,,,,,
966.2,2,11,5,,,,,,,,,
966.2,13,14,,,,,,,,,,
966.2,7,18,,,,,,,,,,
966.2,15,16,1,10,,,,,,,,
966.2,8,9,12,3,17,6,4,,,,,
969.2,2,11,5,,,,,,,,,
969.2,13,14,,,,,,,,,,
969.2,7,18,,,,,,,,,,
969.2,15,16,1,10,,,,,,,,
969.2,8,9,12,3,17,6,4,,,,,
972.2,2,11,5,,,,,,,,,
972.2,13,14,,,,,,,,,,
972.2,7,18,,,,,,,,,,
972.2,15,16,1,10,,,,,,,,
972.2,8,,,,,,,,,,,
972.2,8,9,12,3,17,6,4,,,,,
975.2,2,11,5,,,,,,,,,
975.2,13,14,,,,,,,,,,
975.2,7,18,,,,,,,,,,
975.2,15,16,1,10,,,,,,,,
975.2,8,9,12,3,17,6,4,,,,,
978.2,2,11,5,,,,,,,,,
978.2,13,14,,,,,,,,,,
978.2,7,18,,,,,,,,,,
978.2,15,16,1,10,,,,,,,,
978.2,8,9,12,3,17,6,4,,,,,
981.2,2,11,5,,,,,,,,,
981.2,7,18,,,,,,,,,,
981.2,15,16,1,10,,,,,,,,
981.2,8,9,12,3,17,6,4,,,,,
981.2,14,,,,,,,,,,,
981.2,13,,,,,,,,,,,
984.2,2,11,5,,,,,,,,,
984.2,7,18,,,,,,,,,,
984.2,15,16,1,10,,,,,,,,
984.2,8,9,12,3,17,6,4,,,,,
984.2,13,14,,,,,,,,,,
987.2,2,11,5,,,,,,,,,
987.2,7,18,,,,,,,,,,
987.2,15,16,1,10,,,,,,,,
987.2,8,9,12,3,17,6,4,,,,,
987.2,13,14,,,,,,,,,,
990.2,2,11,5,,,,,,,,,
990.2,7,18,,,,,,,,,,
990.2,15,16,1,10,,,,,,,,
990.2,8,9,12,3,17,6,4,,,,,
990.2,13,14,,,,,,,,,,
993.2,2,11,5,,,,,,,,,
993.2,7,18,,,,,,,,,,
993.2,15,16,1,10,,,,,,,,
993.2,8,9,12,3,17,6,4,,,,,
993.2,13,14,,,,,,,,,,
996.2,2,11,5,,,,,,,,,
996.2,7,18,,,,,,,,,,
996.2,15,16,1,10,,,,,,,,
996.2,8,9,12,3,17,6,4,,,,,
996.2,13,14,,,,,,,,,,
999.2,2,11,5,,,,,,,,,
999.2,7,18,,,,,,,,,,
999.2,15,16,1,10,,,,,,,,
999.2,8,9,12,3,17,6,4,,,,,
999.2,13,14,,,,,,,,,,
1002.2,2,11,5,,,,,,,,,
1002.2,7,18,,,,,,,,,,
1002.2,15,16,1,10,,,,,,,,
1002.2,8,9,12,3,17,6,4,,,,,
1002.2,13,,,,,,,,,,,
1002.2,14,,,,,,,,,,,
1005.2,2,11,5,,,,,,,,,
1005.2,7,18,,,,,,,,,,
1005.2,15,16,1,10,,,,,,,,
1005.2,8,9,12,3,17,6,4,,,,,
1005.2,13,14,,,,,,,,,,
1008.2,2,11,5,,,,,,,,,
1008.2,7,18,,,,,,,,,,
1008.2,15,16,1,10,,,,,,,,
1008.2,8,9,12,3,17,6,4,,,,,
1008.2,13,14,,,,,,,,,,
1011.2,2,11,5,,,,,,,,,
1011.2,7,18,,,,,,,,,,
1011.2,15,16,1,10,,,,,,,,
1011.2,8,9,12,3,17,6,4,,,,,
1011.2,13,14,,,,,,,,,,
1014.2,2,11,5,,,,,,,,,
1014.2,7,18,,,,,,,,,,
1014.2,15,16,1,10,,,,,,,,
1014.2,8,9,12,3,17,6,4,,,,,
1014.2,13,14,,,,,,,,,,
1017.2,2,11,5,,,,,,,,,
1017.2,7,18,,,,,,,,,,
1017.2,15,16,1,10,,,,,,,,
1017.2,8,9,12,3,17,6,4,,,,,
1017.2,13,14,,,,,,,,,,
1020.2,2,11,5,,,,,,,,,
1020.2,7,18,,,,,,,,,,
1020.2,15,16,1,10,,,,,,,,
1020.2,8,9,12,3,17,6,4,,,,,
1020.2,13,14,,,,,,,,,,
1023.2,2,11,5,,,,,,,,,
1023.2,7,18,,,,,,,,,,
1023.2,15,16,1,10,,,,,,,,
1023.2,8,9,12,3,17,6,4,,,,,
1023.2,13,14,,,,,,,,,,
1026.2,2,11,5,,,,,,,,,
1026.2,7,18,,,,,,,,,,
1026.2,15,16,1,10,,,,,,,,
1026.2,8,9,12,3,17,6,4,,,,,
1026.2,13,14,,,,,,,,,,
1029.2,2,11,5,,,,,,,,,
1029.2,7,18,,,,,,,,,,
1029.2,15,16,1,10,,,,,,,,
1029.2,8,9,12,3,17,6,4,,,,,
1029.2,13,14,,,,,,,,,,
1032.2,2,11,5,,,,,,,,,
1032.2,7,18,,,,,,,,,,
1032.2,15,16,1,10,,,,,,,,
1032.2,8,9,12,3,17,6,4,,,,,
1032.2,13,14,,,,,,,,,,
1035.2,2,11,5,,,,,,,,,
1035.2,7,18,,,,,,,,,,
1035.2,15,16,1,10,,,,,,,,
1035.2,8,9,12,3,17,6,4,,,,,
1035.2,13,14,,,,,,,,,,
1038.2,2,11,5,,,,,,,,,
1038.2,7,18,,,,,,,,,,
1038.2,15,16,1,10,,,,,,,,
1038.2,8,9,12,3,17,6,4,,,,,
1038.2,13,14,,,,,,,,,,
1041.2,2,11,5,,,,,,,,,
1041.2,7,18,,,,,,,,,,
1041.2,15,16,1,10,,,,,,,,
1041.2,8,9,12,3,17,6,4,,,,,
1041.2,13,14,,,,,,,,,,
1044.2,2,11,5,,,,,,,,,
1044.2,7,18,,,,,,,,,,
1044.2,15,16,1,10,,,,,,,,
1044.2,8,9,12,3,17,6,4,,,,,
1044.2,13,14,,,,,,,,,,
1047.2,2,11,5,,,,,,,,,
1047.2,7,18,,,,,,,,,,
1047.2,15,16,1,10,,,,,,,,
1047.2,8,12,3,17,4,,,,,,,
1047.2,13,14,,,,,,,,,,
1047.2,9,6,,,,,,,,,,
1050.2,2,11,5,,,,,,,,,
1050.2,7,18,,,,,,,,,,
1050.2,15,16,1,10,,,,,,,,
1050.2,8,12,3,17,4,,,,,,,
1050.2,13,14,,,,,,,,,,
1050.2,9,6,,,,,,,,,,
1053.2,2,11,,,,,,,,,,
1053.2,7,18,,,,,,,,,,
1053.2,15,16,1,10,,,,,,,,
1053.2,8,12,3,17,4,,,,,,,
1053.2,13,14,,,,,,,,,,
1053.2,5,,,,,,,,,,,
1053.2,5,,,,,,,,,,,
1053.2,9,6,,,,,,,,,,
1056.2,2,11,,,,,,,,,,
1056.2,7,18,,,,,,,,,,
1056.2,15,16,1,10,,,,,,,,
1056.2,8,12,3,17,4,,,,,,,
1056.2,13,14,,,,,,,,,,
1056.2,5,,,,,,,,,,,
1056.2,5,,,,,,,,,,,
1056.2,9,6,,,,,,,,,,
1059.2,7,18,,,,,,,,,,
1059.2,15,16,1,10,,,,,,,,
1059.2,8,12,3,17,4,,,,,,,
1059.2,13,14,,,,,,,,,,
1059.2,2,11,5,,,,,,,,,
1059.2,5,,,,,,,,,,,
1059.2,9,6,,,,,,,,,,
1062.2,7,18,,,,,,,,,,
1062.2,15,16,1,10,,,,,,,,
1062.2,8,12,3,17,4,,,,,,,
1062.2,13,14,,,,,,,,,,
1062.2,2,11,5,,,,,,,,,
1062.2,5,,,,,,,,,,,
1062.2,9,6,,,,,,,,,,
1065.2,7,18,,,,,,,,,,
1065.2,15,16,1,10,,,,,,,,
1065.2,8,12,3,17,4,,,,,,,
1065.2,13,14,,,,,,,,,,
1065.2,2,11,,,,,,,,,,
1065.2,5,,,,,,,,,,,
1065.2,9,6,,,,,,,,,,
1068.2,7,18,,,,,,,,,,
1068.2,8,12,3,17,4,,,,,,,
1068.2,13,14,,,,,,,,,,
1068.2,2,11,,,,,,,,,,
1068.2,15,16,1,10,5,,,,,,,
1068.2,9,6,,,,,,,,,,
1071.2,7,18,,,,,,,,,,
1071.2,8,9,12,3,17,6,4,,,,,
1071.2,13,14,,,,,,,,,,
1071.2,2,11,,,,,,,,,,
1071.2,15,16,1,,,,,,,,,
1071.2,5,,,,,,,,,,,
1071.2,10,,,,,,,,,,,
1074.2,7,18,,,,,,,,,,
1074.2,8,12,3,17,6,4,,,,,,
1074.2,13,14,,,,,,,,,,
1074.2,2,11,,,,,,,,,,
1074.2,15,16,1,,,,,,,,,
1074.2,5,,,,,,,,,,,
1074.2,9,,,,,,,,,,,
1074.2,10,,,,,,,,,,,
1077.2,7,18,,,,,,,,,,
1077.2,8,12,3,17,4,,,,,,,
1077.2,13,14,,,,,,,,,,
1077.2,2,11,,,,,,,,,,
1077.2,15,16,1,,,,,,,,,
1077.2,5,,,,,,,,,,,
1077.2,9,,,,,,,,,,,
1077.2,10,,,,,,,,,,,
1077.2,6,,,,,,,,,,,
1080.2,7,18,,,,,,,,,,
1080.2,8,12,3,17,4,,,,,,,
1080.2,13,14,,,,,,,,,,
1080.2,15,16,1,,,,,,,,,
1080.2,5,,,,,,,,,,,
1080.2,2,11,,,,,,,,,,
1080.2,10,,,,,,,,,,,
1080.2,9,,,,,,,,,,,
1080.2,6,,,,,,,,,,,
1083.2,7,,,,,,,,,,,
1083.2,2,11,,,,,,,,,,
1083.2,15,16,1,,,,,,,,,
1083.2,10,,,,,,,,,,,
1083.2,9,,,,,,,,,,,
1083.2,8,12,3,17,5,4,,,,,,
1083.2,13,18,14,6,,,,,,,,
1086.2,7,18,,,,,,,,,,
1086.2,2,11,,,,,,,,,,
1086.2,15,16,1,,,,,,,,,
1086.2,9,,,,,,,,,,,
1086.2,8,12,3,17,5,4,,,,,,
1086.2,10,,,,,,,,,,,
1086.2,13,14,6,,,,,,,,,
1089.2,7,18,,,,,,,,,,
1089.2,15,16,1,,,,,,,,,
1089.2,2,11,10,,,,,,,,,
1089.2,9,,,,,,,,,,,
1089.2,13,14,6,,,,,,,,,
1089.2,8,12,3,17,5,4,,,,,,
1092.2,7,18,,,,,,,,,,
1092.2,15,16,1,,,,,,,,,
1092.2,13,14,6,,,,,,,,,
1092.2,8,12,3,17,4,,,,,,,
1092.2,11,5,,,,,,,,,,
1092.2,2,9,10,,,,,,,,,
1095.2,7,18,,,,,,,,,,
1095.2,15,16,1,,,,,,,,,
1095.2,13,14,6,,,,,,,,,
1095.2,8,12,3,17,4,,,,,,,
1095.2,11,5,,,,,,,,,,
1095.2,2,9,10,,,,,,,,,
1098.2,7,18,,,,,,,,,,
1098.2,15,16,1,,,,,,,,,
1098.2,13,14,6,,,,,,,,,
1098.2,8,12,3,17,4,,,,,,,
1098.2,11,5,,,,,,,,,,
1098.2,2,9,10,,,,,,,,,
1101.2,7,18,,,,,,,,,,
1101.2,15,16,1,,,,,,,,,
1101.2,13,14,6,,,,,,,,,
1101.2,8,12,3,17,4,,,,,,,
1101.2,11,5,,,,,,,,,,
1101.2,2,9,10,,,,,,,,,
1104.2,7,18,,,,,,,,,,
1104.2,13,14,6,,,,,,,,,
1104.2,2,9,10,,,,,,,,,
1104.2,8,11,12,3,17,4,,,,,,
1104.2,15,16,1,5,,,,,,,,
1107.2,7,18,,,,,,,,,,
1107.2,13,14,6,,,,,,,,,
1107.2,2,9,10,,,,,,,,,
1107.2,8,11,12,3,17,4,,,,,,
1107.2,16,1,5,,,,,,,,,
1107.2,15,,,,,,,,,,,
1110.2,7,18,,,,,,,,,,
1110.2,13,14,6,,,,,,,,,
1110.2,2,9,10,,,,,,,,,
1110.2,8,11,12,3,17,4,,,,,,
1110.2,16,1,5,,,,,,,,,
1110.2,15,,,,,,,,,,,
1113.2,7,18,,,,,,,,,,
1113.2,13,14,6,,,,,,,,,
1113.2,2,9,10,,,,,,,,,
1113.2,8,11,3,17,4,,,,,,,
1113.2,16,1,5,,,,,,,,,
1113.2,15,,,,,,,,,,,
1113.2,12,,,,,,,,,,,
1116.2,7,18,,,,,,,,,,
1116.2,13,14,6,,,,,,,,,
1116.2,8,11,3,17,4,,,,,,,
1116.2,16,1,5,,,,,,,,,
1116.2,15,,,,,,,,,,,
1116.2,2,9,12,10,,,,,,,,
1119.2,7,18,,,,,,,,,,
1119.2,13,14,6,,,,,,,,,
1119.2,8,11,3,17,4,,,,,,,
1119.2,16,1,5,,,,,,,,,
1119.2,15,,,,,,,,,,,
1119.2,2,9,12,10,,,,,,,,
1122.2,7,18,,,,,,,,,,
1122.2,13,14,6,,,,,,,,,
1122.2,8,11,3,17,4,,,,,,,
1122.2,16,1,5,,,,,,,,,
1122.2,15,,,,,,,,,,,
1122.2,2,9,12,10,,,,,,,,
1125.2,7,18,,,,,,,,,,
1125.2,13,14,6,,,,,,,,,
1125.2,8,11,3,17,,,,,,,,
1125.2,16,1,5,,,,,,,,,
1125.2,15,,,,,,,,,,,
1125.2,2,9,12,10,,,,,,,,
1125.2,4,,,,,,,,,,,
1128.2,7,18,,,,,,,,,,
1128.2,13,14,6,,,,,,,,,
1128.2,16,1,5,,,,,,,,,
1128.2,15,,,,,,,,,,,
1128.2,2,9,12,10,,,,,,,,
1128.2,11,17,,,,,,,,,,
1128.2,3,,,,,,,,,,,
1128.2,4,,,,,,,,,,,
1128.2,8,,,,,,,,,,,
1131.2,7,18,,,,,,,,,,
1131.2,16,1,5,,,,,,,,,
1131.2,11,17,,,,,,,,,,
1131.2,3,,,,,,,,,,,
1131.2,2,9,12,10,4,,,,,,,
1131.2,8,15,13,14,6,,,,,,,
1134.2,7,18,,,,,,,,,,
1134.2,16,1,5,,,,,,,,,
1134.2,11,17,,,,,,,,,,
1134.2,3,,,,,,,,,,,
1134.2,2,9,12,10,4,,,,,,,
1134.2,8,15,13,14,6,,,,,,,
1137.2,7,18,,,,,,,,,,
1137.2,16,1,5,,,,,,,,,
1137.2,11,,,,,,,,,,,
1137.2,3,,,,,,,,,,,
1137.2,2,9,12,10,4,,,,,,,
1137.2,8,15,13,14,6,,,,,,,
1137.2,17,,,,,,,,,,,
1140.2,7,18,,,,,,,,,,
1140.2,16,1,5,,,,,,,,,
1140.2,11,,,,,,,,,,,
1140.2,3,,,,,,,,,,,
1140.2,2,9,12,10,4,,,,,,,
1140.2,8,15,13,14,6,,,,,,,
1140.2,17,,,,,,,,,,,
1143.2,7,18,,,,,,,,,,
1143.2,11,,,,,,,,,,,
1143.2,2,9,12,10,4,,,,,,,
1143.2,17,,,,,,,,,,,
1143.2,8,16,1,5,,,,,,,,
1143.2,15,13,3,14,6,,,,,,,
1146.2,7,18,,,,,,,,,,
1146.2,11,,,,,,,,,,,
1146.2,2,9,12,10,4,,,,,,,
1146.2,17,,,,,,,,,,,
1146.2,8,16,1,5,,,,,,,,
1146.2,15,13,3,14,6,,,,,,,
1149.2,7,18,,,,,,,,,,
1149.2,11,,,,,,,,,,,
1149.2,2,9,12,10,4,,,,,,,
1149.2,17,,,,,,,,,,,
1149.2,8,16,1,5,,,,,,,,
1149.2,15,13,3,14,6,,,,,,,
1152.2,7,18,,,,,,,,,,
1152.2,11,,,,,,,,,,,
1152.2,2,9,12,10,4,,,,,,,
1152.2,8,16,1,5,,,,,,,,
1152.2,15,13,14,6,,,,,,,,
1152.2,3,,,,,,,,,,,
1152.2,17,,,,,,,,,,,
1155.2,7,18,,,,,,,,,,
1155.2,11,,,,,,,,,,,
1155.2,2,9,12,10,4,,,,,,,
1155.2,8,16,1,5,,,,,,,,
1155.2,15,13,14,6,,,,,,,,
1155.2,3,,,,,,,,,,,
1155.2,17,,,,,,,,,,,
1158.2,7,18,,,,,,,,,,
1158.2,11,,,,,,,,,,,
1158.2,2,9,12,10,4,,,,,,,
1158.2,8,16,1,5,,,,,,,,
1158.2,15,13,14,6,,,,,,,,
1158.2,3,,,,,,,,,,,
1158.2,17,,,,,,,,,,,
1161.2,7,18,,,,,,,,,,
1161.2,11,,,,,,,,,,,
1161.2,2,9,12,10,4,,,,,,,
1161.2,8,16,1,5,,,,,,,,
1161.2,15,13,14,6,,,,,,,,
1161.2,3,,,,,,,,,,,
1161.2,17,,,,,,,,,,,
1164.2,7,18,,,,,,,,,,
1164.2,2,9,12,10,4,,,,,,,
1164.2,8,16,1,5,,,,,,,,
1164.2,15,13,14,6,,,,,,,,
1164.2,3,,,,,,,,,,,
1164.2,11,17,,,,,,,,,,
1167.2,7,18,,,,,,,,,,
1167.2,2,9,10,4,,,,,,,,
1167.2,8,16,1,5,,,,,,,,
1167.2,15,13,14,6,,,,,,,,
1167.2,3,,,,,,,,,,,
1167.2,11,17,,,,,,,,,,
1167.2,12,,,,,,,,,,,
1170.2,7,18,,,,,,,,,,
1170.2,2,9,10,4,,,,,,,,
1170.2,15,13,14,6,,,,,,,,
1170.2,11,17,,,,,,,,,,
1170.2,8,16,12,3,1,5,,,,,,
1173.2,7,18,,,,,,,,,,
1173.2,2,9,10,4,,,,,,,,
1173.2,15,13,14,6,,,,,,,,
1173.2,11,17,,,,,,,,,,
1173.2,8,16,12,3,1,5,,,,,,
1176.2,7,18,,,,,,,,,,
1176.2,2,9,10,4,,,,,,,,
1176.2,15,13,14,6,,,,,,,,
1176.2,11,17,,,,,,,,,,
1176.2,8,16,12,3,1,5,,,,,,
1179.2,7,18,,,,,,,,,,
1179.2,2,9,10,4,,,,,,,,
1179.2,15,13,14,6,,,,,,,,
1179.2,11,17,,,,,,,,,,
1179.2,8,16,12,3,1,5,,,,,,
1182.2,7,18,,,,,,,,,,
1182.2,2,9,10,4,,,,,,,,
1182.2,15,13,14,6,,,,,,,,
1182.2,11,17,,,,,,,,,,
1182.2,8,16,12,3,1,5,,,,,,
1185.2,7,18,,,,,,,,,,
1185.2,2,9,10,4,,,,,,,,
1185.2,15,13,14,6,,,,,,,,
1185.2,11,17,,,,,,,,,,
1185.2,8,16,12,3,1,5,,,,,,
1188.2,7,18,,,,,,,,,,
1188.2,2,9,10,4,,,,,,,,
1188.2,15,13,14,6,,,,,,,,
1188.2,11,17,,,,,,,,,,
1188.2,8,16,12,3,1,5,,,,,,
1191.2,7,18,,,,,,,,,,
1191.2,2,9,10,4,,,,,,,,
1191.2,15,13,14,6,,,,,,,,
1191.2,11,17,,,,,,,,,,
1191.2,8,16,12,3,1,5,,,,,,
1194.2,7,18,,,,,,,,,,
1194.2,2,9,10,4,,,,,,,,
1194.2,15,13,14,6,,,,,,,,
1194.2,11,17,,,,,,,,,,
1194.2,8,16,12,3,1,5,,,,,,
1197.2,7,18,,,,,,,,,,
1197.2,2,9,10,4,,,,,,,,
1197.2,15,13,14,6,,,,,,,,
1197.2,11,17,,,,,,,,,,
1197.2,8,16,12,3,1,5,,,,,,
1200.2,7,18,,,,,,,,,,
1200.2,2,9,10,4,,,,,,,,
1200.2,15,13,14,6,,,,,,,,
1200.2,11,17,,,,,,,,,,
1200.2,8,16,12,3,1,5,,,,,,
1203.2,7,18,,,,,,,,,,
1203.2,2,9,10,4,,,,,,,,
1203.2,15,13,14,6,,,,,,,,
1203.2,11,17,,,,,,,,,,
1203.2,8,16,12,3,1,5,,,,,,
1206.2,7,18,,,,,,,,,,
1206.2,2,9,10,4,,,,,,,,
1206.2,15,13,14,6,,,,,,,,
1206.2,11,17,,,,,,,,,,
1206.2,8,16,12,3,1,5,,,,,,
1209.2,7,18,,,,,,,,,,
1209.2,2,9,10,4,,,,,,,,
1209.2,15,13,14,6,,,,,,,,
1209.2,11,17,,,,,,,,,,
1209.2,8,16,12,3,1,5,,,,,,
1212.2,7,18,,,,,,,,,,
1212.2,2,9,10,4,,,,,,,,
1212.2,15,13,14,6,,,,,,,,
1212.2,11,17,,,,,,,,,,
1212.2,8,16,12,3,1,5,,,,,,
1215.2,7,18,,,,,,,,,,
1215.2,2,9,10,4,,,,,,,,
1215.2,15,13,14,6,,,,,,,,
1215.2,11,17,,,,,,,,,,
1215.2,8,16,12,3,1,5,,,,,,
1218.2,7,18,,,,,,,,,,
1218.2,2,9,10,4,,,,,,,,
1218.2,15,13,14,6,,,,,,,,
1218.2,11,17,,,,,,,,,,
1218.2,8,16,12,3,1,5,,,,,,
1221.2,7,18,,,,,,,,,,
1221.2,2,9,10,4,,,,,,,,
1221.2,15,13,14,6,,,,,,,,
1221.2,11,17,,,,,,,,,,
1221.2,8,16,12,3,1,5,,,,,,
1224.2,7,18,,,,,,,,,,
1224.2,2,9,10,4,,,,,,,,
1224.2,15,13,14,6,,,,,,,,
1224.2,11,17,,,,,,,,,,
1224.2,8,16,12,3,1,5,,,,,,
1227.2,7,18,,,,,,,,,,
1227.2,2,9,10,4,,,,,,,,
1227.2,15,13,14,6,,,,,,,,
1227.2,11,17,,,,,,,,,,
1227.2,8,16,12,3,1,5,,,,,,
1230.2,7,18,,,,,,,,,,
1230.2,2,9,10,4,,,,,,,,
1230.2,15,13,14,6,,,,,,,,
1230.2,11,17,,,,,,,,,,
1230.2,8,16,12,3,1,5,,,,,,
1233.2,7,18,,,,,,,,,,
1233.2,2,9,10,4,,,,,,,,
1233.2,15,13,14,6,,,,,,,,
1233.2,11,17,,,,,,,,,,
1233.2,8,16,12,3,1,5,,,,,,
1236.2,7,18,,,,,,,,,,
1236.2,2,9,10,4,,,,,,,,
1236.2,15,13,14,6,,,,,,,,
1236.2,11,17,,,,,,,,,,
1236.2,8,16,12,3,1,5,,,,,,
1239.2,7,18,,,,,,,,,,
1239.2,2,9,10,4,,,,,,,,
1239.2,15,13,14,6,,,,,,,,
1239.2,11,17,,,,,,,,,,
1239.2,8,16,12,3,1,5,,,,,,
1242.2,7,18,,,,,,,,,,
1242.2,2,9,10,4,,,,,,,,
1242.2,15,13,14,6,,,,,,,,
1242.2,11,17,,,,,,,,,,
1242.2,8,12,3,1,5,,,,,,,
1242.2,16,,,,,,,,,,,
1245.2,7,18,,,,,,,,,,
1245.2,2,9,10,4,,,,,,,,
1245.2,15,13,14,6,,,,,,,,
1245.2,11,17,,,,,,,,,,
1245.2,8,12,3,1,5,,,,,,,
1245.2,16,,,,,,,,,,,
1248.2,7,18,,,,,,,,,,
1248.2,2,9,10,4,,,,,,,,
1248.2,15,13,14,6,,,,,,,,
1248.2,11,17,,,,,,,,,,
1248.2,8,16,12,3,1,5,,,,,,
1251.2,7,18,,,,,,,,,,
1251.2,2,9,10,4,,,,,,,,
1251.2,15,13,14,6,,,,,,,,
1251.2,11,17,,,,,,,,,,
1251.2,8,12,3,1,5,,,,,,,
1251.2,16,,,,,,,,,,,
1254.2,7,18,,,,,,,,,,
1254.2,2,9,10,4,,,,,,,,
1254.2,15,13,14,6,,,,,,,,
1254.2,11,17,,,,,,,,,,
1254.2,8,12,3,1,5,,,,,,,
1254.2,16,,,,,,,,,,,
1257.2,7,18,,,,,,,,,,
1257.2,15,13,14,6,,,,,,,,
1257.2,11,17,,,,,,,,,,
1257.2,8,12,3,1,5,,,,,,,
1257.2,2,9,16,10,4,,,,,,,
1260.2,7,18,,,,,,,,,,
1260.2,15,13,14,6,,,,,,,,
1260.2,11,17,,,,,,,,,,
1260.2,8,12,3,1,5,,,,,,,
1260.2,2,9,16,10,4,,,,,,,
1263.2,7,18,,,,,,,,,,
1263.2,15,13,14,6,,,,,,,,
1263.2,11,17,,,,,,,,,,
1263.2,8,12,3,1,5,,,,,,,
1263.2,2,9,16,10,4,,,,,,,
1266.2,7,18,,,,,,,,,,
1266.2,15,13,14,6,,,,,,,,
1266.2,11,17,,,,,,,,,,
1266.2,8,12,3,1,5,,,,,,,
1266.2,2,9,16,10,4,,,,,,,
1269.2,7,18,,,,,,,,,,
1269.2,15,13,14,6,,,,,,,,
1269.2,11,17,,,,,,,,,,
1269.2,8,12,3,1,5,,,,,,,
1269.2,2,9,16,10,4,,,,,,,
1272.2,7,18,,,,,,,,,,
1272.2,15,13,14,6,,,,,,,,
1272.2,11,17,,,,,,,,,,
1272.2,8,12,3,1,5,,,,,,,
1272.2,2,9,16,10,4,,,,,,,
1275.2,7,18,,,,,,,,,,
1275.2,15,13,14,6,,,,,,,,
1275.2,11,17,,,,,,,,,,
1275.2,8,12,3,1,5,,,,,,,
1275.2,2,9,16,10,4,,,,,,,
1278.2,7,18,,,,,,,,,,
1278.2,15,13,14,6,,,,,,,,
1278.2,11,17,,,,,,,,,,
1278.2,8,12,3,1,5,,,,,,,
1278.2,2,9,16,10,4,,,,,,,
1281.2,7,18,,,,,,,,,,
1281.2,15,13,14,6,,,,,,,,
1281.2,11,17,,,,,,,,,,
1281.2,8,12,3,1,5,,,,,,,
1281.2,2,9,16,10,4,,,,,,,
1284.2,7,18,,,,,,,,,,
1284.2,15,13,14,6,,,,,,,,
1284.2,11,17,,,,,,,,,,
1284.2,8,12,3,1,5,,,,,,,
1284.2,2,9,16,10,4,,,,,,,
1287.2,7,18,,,,,,,,,,
1287.2,15,13,14,6,,,,,,,,
1287.2,11,17,,,,,,,,,,
1287.2,8,12,3,1,5,,,,,,,
1287.2,2,9,16,10,4,,,,,,,
1290.2,7,18,,,,,,,,,,
1290.2,15,13,14,6,,,,,,,,
1290.2,11,17,,,,,,,,,,
1290.2,8,12,3,1,5,,,,,,,
1290.2,2,9,16,10,4,,,,,,,
1293.2,7,18,,,,,,,,,,
1293.2,15,13,14,6,,,,,,,,
1293.2,11,17,,,,,,,,,,
1293.2,8,12,3,1,5,,,,,,,
1293.2,2,9,16,10,4,,,,,,,
1296.2,7,18,,,,,,,,,,
1296.2,15,13,14,6,,,,,,,,
1296.2,11,17,,,,,,,,,,
1296.2,8,12,3,1,5,,,,,,,
1296.2,2,9,16,10,4,,,,,,,
1299.2,7,18,,,,,,,,,,
1299.2,15,13,14,6,,,,,,,,
1299.2,11,17,,,,,,,,,,
1299.2,8,12,3,1,5,,,,,,,
1299.2,2,9,16,10,4,,,,,,,
1302.2,7,18,,,,,,,,,,
1302.2,15,13,14,6,,,,,,,,
1302.2,11,17,,,,,,,,,,
1302.2,8,12,3,1,5,,,,,,,
1302.2,2,9,16,10,4,,,,,,,
1305.2,7,18,,,,,,,,,,
1305.2,15,13,14,6,,,,,,,,
1305.2,11,17,,,,,,,,,,
1305.2,8,12,3,1,5,,,,,,,
1305.2,2,9,16,10,4,,,,,,,
1308.2,7,18,,,,,,,,,,
1308.2,15,13,14,6,,,,,,,,
1308.2,11,17,,,,,,,,,,
1308.2,8,12,3,1,5,,,,,,,
1308.2,2,9,16,10,4,,,,,,,
1311.2,7,18,,,,,,,,,,
1311.2,15,13,14,6,,,,,,,,
1311.2,11,17,,,,,,,,,,
1311.2,8,12,3,1,5,,,,,,,
1311.2,2,9,16,10,4,,,,,,,
1314.2,7,18,,,,,,,,,,
1314.2,15,13,14,6,,,,,,,,
1314.2,11,17,,,,,,,,,,
1314.2,8,12,3,1,5,,,,,,,
1314.2,2,9,16,10,4,,,,,,,
1317.2,7,18,,,,,,,,,,
1317.2,15,14,6,,,,,,,,,
1317.2,8,12,3,1,5,,,,,,,
1317.2,2,9,16,10,4,,,,,,,
1317.2,13,11,17,,,,,,,,,
1320.2,7,18,,,,,,,,,,
1320.2,15,14,6,,,,,,,,,
1320.2,8,12,3,1,5,,,,,,,
1320.2,2,9,16,10,4,,,,,,,
1320.2,13,11,17,,,,,,,,,
1323.2,7,18,,,,,,,,,,
1323.2,15,14,6,,,,,,,,,
1323.2,8,12,3,1,5,,,,,,,
1323.2,2,9,16,10,4,,,,,,,
1323.2,13,11,17,,,,,,,,,
1326.2,7,18,,,,,,,,,,
1326.2,15,14,6,,,,,,,,,
1326.2,8,12,3,1,5,,,,,,,
1326.2,2,9,16,10,4,,,,,,,
1326.2,13,11,17,,,,,,,,,
1329.2,7,18,,,,,,,,,,
1329.2,15,14,6,,,,,,,,,
1329.2,8,12,3,1,5,,,,,,,
1329.2,2,9,16,10,4,,,,,,,
1329.2,13,11,17,,,,,,,,,
1332.2,7,18,,,,,,,,,,
1332.2,15,14,6,,,,,,,,,
1332.2,8,12,3,1,5,,,,,,,
1332.2,2,9,16,10,4,,,,,,,
1332.2,13,11,17,,,,,,,,,
1335.2,7,18,,,,,,,,,,
1335.2,15,14,6,,,,,,,,,
1335.2,8,12,3,1,5,,,,,,,
1335.2,2,9,16,10,4,,,,,,,
1335.2,13,11,17,,,,,,,,,
1338.2,7,18,,,,,,,,,,
1338.2,15,14,6,,,,,,,,,
1338.2,8,12,3,1,5,,,,,,,
1338.2,2,9,16,10,4,,,,,,,
1338.2,13,11,17,,,,,,,,,
1341.2,7,18,,,,,,,,,,
1341.2,15,14,6,,,,,,,,,
1341.2,8,12,3,1,5,,,,,,,
1341.2,2,9,16,10,4,,,,,,,
1341.2,13,11,17,,,,,,,,,
1344.2,7,18,,,,,,,,,,
1344.2,15,14,6,,,,,,,,,
1344.2,8,12,3,1,5,,,,,,,
1344.2,2,9,16,10,4,,,,,,,
1344.2,13,11,17,,,,,,,,,
1347.2,7,18,,,,,,,,,,
1347.2,15,14,6,,,,,,,,,
1347.2,8,12,3,1,5,,,,,,,
1347.2,2,9,16,10,4,,,,,,,
1347.2,13,11,17,,,,,,,,,
1350.2,7,18,,,,,,,,,,
1350.2,15,14,6,,,,,,,,,
1350.2,8,12,3,1,5,,,,,,,
1350.2,2,9,16,10,4,,,,,,,
1350.2,13,11,17,,,,,,,,,
1353.2,7,18,,,,,,,,,,
1353.2,15,14,6,,,,,,,,,
1353.2,8,12,3,1,5,,,,,,,
1353.2,2,9,16,10,4,,,,,,,
1353.2,13,11,17,,,,,,,,,
1356.2,2,9,16,10,4,,,,,,,
1356.2,13,11,17,,,,,,,,,
1356.2,15,7,14,6,,,,,,,,
1356.2,8,12,3,18,1,5,,,,,,
1359.2,2,9,16,10,4,,,,,,,
1359.2,11,17,,,,,,,,,,
1359.2,15,7,14,6,,,,,,,,
1359.2,8,12,3,18,1,5,,,,,,
1359.2,13,,,,,,,,,,,
1362.2,2,9,16,10,4,,,,,,,
1362.2,13,11,17,,,,,,,,,
1362.2,8,12,3,18,1,5,,,,,,
1362.2,15,7,14,6,,,,,,,,
1365.2,2,9,16,10,4,,,,,,,
1365.2,11,17,,,,,,,,,,
1365.2,15,7,14,6,,,,,,,,
1365.2,8,13,12,3,18,1,5,,,,,
1368.2,2,9,16,10,4,,,,,,,
1368.2,11,17,,,,,,,,,,
1368.2,15,7,14,6,,,,,,,,
1368.2,8,13,12,3,18,1,5,,,,,
1371.2,2,9,16,10,4,,,,,,,
1371.2,11,17,,,,,,,,,,
1371.2,15,7,14,6,,,,,,,,
1371.2,8,13,12,3,18,1,5,,,,,
1374.2,2,9,16,10,4,,,,,,,
1374.2,11,17,,,,,,,,,,
1374.2,15,7,14,6,,,,,,,,
1374.2,8,13,12,3,18,1,5,,,,,
1377.2,2,9,16,10,4,,,,,,,
1377.2,11,17,,,,,,,,,,
1377.2,15,7,14,6,,,,,,,,
1377.2,8,13,12,3,18,1,5,,,,,
1380.2,2,9,16,10,4,,,,,,,
1380.2,11,17,,,,,,,,,,
1380.2,15,7,14,6,,,,,,,,
1380.2,8,13,12,3,18,1,5,,,,,
1383.2,2,9,16,10,4,,,,,,,
1383.2,11,17,,,,,,,,,,
1383.2,15,7,14,6,,,,,,,,
1383.2,8,13,12,3,18,1,5,,,,,
1386.2,2,9,16,10,4,,,,,,,
1386.2,11,17,,,,,,,,,,
1386.2,15,7,14,6,,,,,,,,
1386.2,8,13,12,3,18,1,5,,,,,
1389.2,2,9,16,10,4,,,,,,,
1389.2,11,17,,,,,,,,,,
1389.2,15,7,14,6,,,,,,,,
1389.2,8,13,12,3,18,1,5,,,,,
1392.2,2,9,16,10,4,,,,,,,
1392.2,11,17,,,,,,,,,,
1392.2,15,7,14,6,,,,,,,,
1392.2,8,13,12,3,18,1,5,,,,,
1395.2,2,9,16,10,4,,,,,,,
1395.2,11,17,,,,,,,,,,
1395.2,15,7,14,6,,,,,,,,
1395.2,8,13,12,3,18,1,5,,,,,
1398.2,2,9,16,10,4,,,,,,,
1398.2,11,17,,,,,,,,,,
1398.2,15,7,14,6,,,,,,,,
1398.2,8,13,12,3,18,1,5,,,,,
1401.2,2,9,16,10,4,,,,,,,
1401.2,11,17,,,,,,,,,,
1401.2,15,7,14,6,,,,,,,,
1401.2,8,13,12,3,18,1,5,,,,,
1404.2,2,9,16,10,4,,,,,,,
1404.2,11,17,,,,,,,,,,
1404.2,15,7,14,6,,,,,,,,
1404.2,8,13,12,3,18,1,5,,,,,
1407.2,2,9,16,10,4,,,,,,,
1407.2,11,17,,,,,,,,,,
1407.2,15,7,14,6,,,,,,,,
1407.2,8,13,12,3,18,1,5,,,,,
1410.2,2,9,16,10,4,,,,,,,
1410.2,11,17,,,,,,,,,,
1410.2,15,7,14,6,,,,,,,,
1410.2,8,13,12,3,18,1,5,,,,,
1413.2,2,9,16,10,4,,,,,,,
1413.2,11,17,,,,,,,,,,
1413.2,15,7,14,6,,,,,,,,
1413.2,8,13,12,3,18,1,5,,,,,
1416.2,2,9,16,10,4,,,,,,,
1416.2,11,17,,,,,,,,,,
1416.2,15,7,14,6,,,,,,,,
1416.2,8,13,12,3,18,1,5,,,,,
1419.2,2,9,16,10,4,,,,,,,
1419.2,11,17,,,,,,,,,,
1419.2,15,7,14,6,,,,,,,,
1419.2,8,13,12,3,18,1,5,,,,,
1422.2,2,9,16,10,4,,,,,,,
1422.2,11,17,,,,,,,,,,
1422.2,15,7,14,6,,,,,,,,
1422.2,8,13,12,3,18,1,5,,,,,
1425.2,2,9,16,10,4,,,,,,,
1425.2,11,17,,,,,,,,,,
1425.2,15,7,14,6,,,,,,,,
1425.2,8,13,12,3,18,1,5,,,,,
1428.2,2,9,16,10,4,,,,,,,
1428.2,11,17,,,,,,,,,,
1428.2,15,7,14,6,,,,,,,,
1428.2,8,13,12,3,18,1,5,,,,,
1431.2,2,9,16,10,4,,,,,,,
1431.2,11,17,,,,,,,,,,
1431.2,15,7,14,6,,,,,,,,
1431.2,8,13,12,3,18,1,5,,,,,
1434.2,2,9,16,10,4,,,,,,,
1434.2,11,17,,,,,,,,,,
1434.2,15,7,14,6,,,,,,,,
1434.2,8,13,12,3,18,1,,,,,,
1434.2,5,,,,,,,,,,,
1437.2,2,9,16,10,4,,,,,,,
1437.2,15,7,14,6,,,,,,,,
1437.2,8,13,12,3,18,1,,,,,,
1437.2,11,17,5,,,,,,,,,
1440.2,2,9,16,10,4,,,,,,,
1440.2,15,7,14,6,,,,,,,,
1440.2,8,13,12,3,18,1,,,,,,
1440.2,11,17,5,,,,,,,,,
1443.2,2,9,16,10,4,,,,,,,
1443.2,15,7,14,6,,,,,,,,
1443.2,8,13,12,3,18,1,,,,,,
1443.2,11,17,5,,,,,,,,,
1446.2,2,9,16,10,4,,,,,,,
1446.2,15,7,14,6,,,,,,,,
1446.2,8,13,12,3,18,1,,,,,,
1446.2,11,17,5,,,,,,,,,
1449.2,2,9,16,10,4,,,,,,,
1449.2,15,7,14,6,,,,,,,,
1449.2,8,13,12,3,18,1,,,,,,
1449.2,11,17,5,,,,,,,,,
1452.2,2,9,16,10,4,,,,,,,
1452.2,15,7,14,6,,,,,,,,
1452.2,8,13,12,3,18,1,,,,,,
1452.2,11,17,5,,,,,,,,,
1455.2,2,9,16,10,4,,,,,,,
1455.2,15,7,14,6,,,,,,,,
1455.2,8,13,12,3,18,1,,,,,,
1455.2,11,17,5,,,,,,,,,
1458.2,2,9,16,10,4,,,,,,,
1458.2,15,7,14,6,,,,,,,,
1458.2,8,13,12,3,18,1,,,,,,
1458.2,11,17,5,,,,,,,,,
1461.2,2,9,16,10,4,,,,,,,
1461.2,15,7,14,6,,,,,,,,
1461.2,8,13,12,3,18,1,,,,,,
1461.2,11,17,5,,,,,,,,,
1464.2,2,9,16,10,4,,,,,,,
1464.2,15,7,14,6,,,,,,,,
1464.2,8,13,12,3,18,1,,,,,,
1464.2,11,17,5,,,,,,,,,
1467.2,2,9,16,10,4,,,,,,,
1467.2,15,7,14,6,,,,,,,,
1467.2,8,13,12,3,18,1,,,,,,
1467.2,11,17,5,,,,,,,,,
1470.2,2,9,16,10,4,,,,,,,
1470.2,15,7,14,6,,,,,,,,
1470.2,8,13,12,3,18,1,,,,,,
1470.2,11,17,5,,,,,,,,,
1473.2,2,9,16,10,4,,,,,,,
1473.2,15,7,14,6,,,,,,,,
1473.2,8,13,12,3,18,1,,,,,,
1473.2,11,17,5,,,,,,,,,
1476.2,2,9,16,10,4,,,,,,,
1476.2,15,7,14,6,,,,,,,,
1476.2,8,13,12,3,18,1,,,,,,
1476.2,11,17,5,,,,,,,,,
1479.2,2,9,16,10,4,,,,,,,
1479.2,15,7,14,6,,,,,,,,
1479.2,8,13,12,3,18,1,,,,,,
1479.2,11,17,5,,,,,,,,,
1482.2,2,9,16,10,4,,,,,,,
1482.2,15,7,14,6,,,,,,,,
1482.2,8,13,12,3,18,1,,,,,,
1482.2,11,17,5,,,,,,,,,
1485.2,2,9,16,10,4,,,,,,,
1485.2,15,7,14,6,,,,,,,,
1485.2,8,13,12,3,18,1,,,,,,
1485.2,11,17,5,,,,,,,,,
1488.2,2,9,16,10,4,,,,,,,
1488.2,15,7,14,6,,,,,,,,
1488.2,8,13,12,3,18,1,,,,,,
1488.2,11,17,5,,,,,,,,,
1491.2,2,9,16,10,4,,,,,,,
1491.2,15,7,14,6,,,,,,,,
1491.2,8,13,12,3,18,1,,,,,,
1491.2,11,17,5,,,,,,,,,
1494.2,2,9,16,10,4,,,,,,,
1494.2,15,7,14,6,,,,,,,,
1494.2,8,13,12,3,18,1,,,,,,
1494.2,11,17,5,,,,,,,,,
1497.2,2,9,16,10,4,,,,,,,
1497.2,15,7,14,6,,,,,,,,
1497.2,8,13,12,3,18,1,,,,,,
1497.2,11,17,5,,,,,,,,,
1500.2,2,9,16,10,4,,,,,,,
1500.2,15,7,14,6,,,,,,,,
1500.2,8,13,12,3,18,1,,,,,,
1500.2,11,17,5,,,,,,,,,
1503.2,2,9,16,10,4,,,,,,,
1503.2,15,7,14,6,,,,,,,,
1503.2,8,13,12,3,18,1,,,,,,
1503.2,11,17,5,,,,,,,,,
1506.2,2,9,16,10,4,,,,,,,
1506.2,15,7,14,6,,,,,,,,
1506.2,8,13,12,3,18,1,,,,,,
1506.2,11,17,5,,,,,,,,,
1509.2,2,9,16,10,4,,,,,,,
1509.2,15,7,14,6,,,,,,,,
1509.2,8,13,12,3,18,1,,,,,,
1509.2,11,17,5,,,,,,,,,
1512.2,2,9,16,10,4,,,,,,,
1512.2,15,7,14,6,,,,,,,,
1512.2,8,13,12,3,18,1,,,,,,
1512.2,11,17,5,,,,,,,,,
1515.2,2,9,16,10,4,,,,,,,
1515.2,15,7,14,6,,,,,,,,
1515.2,8,13,12,3,18,1,,,,,,
1515.2,11,17,5,,,,,,,,,
1518.2,2,9,16,10,4,,,,,,,
1518.2,15,7,14,6,,,,,,,,
1518.2,8,13,12,3,18,1,,,,,,
1518.2,11,17,5,,,,,,,,,
1521.2,2,9,16,10,4,,,,,,,
1521.2,15,7,14,6,,,,,,,,
1521.2,8,13,12,3,18,1,,,,,,
1521.2,11,17,5,,,,,,,,,
1524.2,2,9,16,10,4,,,,,,,
1524.2,15,7,14,6,,,,,,,,
1524.2,8,13,12,3,18,1,,,,,,
1524.2,11,17,5,,,,,,,,,
1527.2,2,9,16,10,4,,,,,,,
1527.2,15,7,14,6,,,,,,,,
1527.2,8,13,12,3,18,1,,,,,,
1527.2,11,17,5,,,,,,,,,
1530.2,2,9,16,10,4,,,,,,,
1530.2,15,7,14,6,,,,,,,,
1530.2,8,13,12,3,18,1,,,,,,
1530.2,11,17,5,,,,,,,,,
1533.2,2,9,16,10,4,,,,,,,
1533.2,15,7,14,6,,,,,,,,
1533.2,8,13,12,3,18,1,,,,,,
1533.2,11,17,5,,,,,,,,,
1536.2,2,9,16,10,4,,,,,,,
1536.2,15,7,14,6,,,,,,,,
1536.2,8,13,12,3,18,1,,,,,,
1536.2,11,17,5,,,,,,,,,
1539.2,2,9,16,10,4,,,,,,,
1539.2,15,7,14,6,,,,,,,,
1539.2,8,13,12,3,18,1,,,,,,
1539.2,11,17,5,,,,,,,,,
1542.2,2,9,16,10,4,,,,,,,
1542.2,15,7,14,6,,,,,,,,
1542.2,8,13,12,3,18,1,,,,,,
1542.2,11,17,5,,,,,,,,,
1545.2,2,9,16,10,4,,,,,,,
1545.2,15,7,14,6,,,,,,,,
1545.2,8,13,12,3,18,1,,,,,,
1545.2,11,17,5,,,,,,,,,
1548.2,2,9,16,10,4,,,,,,,
1548.2,15,7,14,6,,,,,,,,
1548.2,8,13,12,3,18,1,,,,,,
1548.2,11,17,5,,,,,,,,,
1551.2,2,9,16,10,4,,,,,,,
1551.2,15,7,14,6,,,,,,,,
1551.2,8,13,12,3,18,1,,,,,,
1551.2,11,17,5,,,,,,,,,
1554.2,2,9,16,10,4,,,,,,,
1554.2,15,7,14,6,,,,,,,,
1554.2,8,13,12,3,18,1,,,,,,
1554.2,11,17,5,,,,,,,,,
1557.2,2,9,16,10,4,,,,,,,
1557.2,15,7,14,6,,,,,,,,
1557.2,8,13,12,3,18,1,,,,,,
1557.2,11,17,5,,,,,,,,,
1560.2,2,9,16,10,4,,,,,,,
1560.2,15,7,14,6,,,,,,,,
1560.2,8,13,12,3,18,1,,,,,,
1560.2,11,17,5,,,,,,,,,
1563.2,2,9,16,10,4,,,,,,,
1563.2,15,7,14,6,,,,,,,,
1563.2,8,13,12,3,18,1,,,,,,
1563.2,11,17,5,,,,,,,,,
1566.2,2,9,16,10,4,,,,,,,
1566.2,15,7,14,6,,,,,,,,
1566.2,8,13,12,3,18,1,,,,,,
1566.2,11,17,5,,,,,,,,,
1569.2,2,9,16,10,4,,,,,,,
1569.2,15,7,14,6,,,,,,,,
1569.2,8,13,12,3,18,1,,,,,,
1569.2,11,17,5,,,,,,,,,
1572.2,2,9,16,10,4,,,,,,,
1572.2,15,7,14,6,,,,,,,,
1572.2,8,13,12,3,18,1,,,,,,
1572.2,11,17,5,,,,,,,,,
1575.2,2,9,16,10,4,,,,,,,
1575.2,15,7,14,6,,,,,,,,
1575.2,8,13,12,3,18,1,,,,,,
1575.2,11,17,5,,,,,,,,,
1578.2,2,9,16,10,4,,,,,,,
1578.2,15,7,14,6,,,,,,,,
1578.2,8,13,12,3,18,1,,,,,,
1578.2,11,17,5,,,,,,,,,
1581.2,2,9,16,10,4,,,,,,,
1581.2,15,7,14,6,,,,,,,,
1581.2,8,13,12,3,18,1,,,,,,
1581.2,11,17,5,,,,,,,,,
1584.2,2,9,16,10,4,,,,,,,
1584.2,15,7,14,6,,,,,,,,
1584.2,8,13,12,3,18,1,,,,,,
1584.2,11,17,5,,,,,,,,,
1587.2,2,9,16,10,4,,,,,,,
1587.2,15,7,14,6,,,,,,,,
1587.2,8,13,12,3,18,1,,,,,,
1587.2,11,17,5,,,,,,,,,
1590.2,2,9,16,10,4,,,,,,,
1590.2,15,7,14,6,,,,,,,,
1590.2,8,13,12,3,18,1,,,,,,
1590.2,11,17,5,,,,,,,,,
1593.2,2,9,16,10,4,,,,,,,
1593.2,15,7,14,6,,,,,,,,
1593.2,8,13,12,3,18,1,,,,,,
1593.2,11,17,5,,,,,,,,,
1596.2,2,9,16,10,4,,,,,,,
1596.2,15,7,14,6,,,,,,,,
1596.2,8,13,12,3,18,1,,,,,,
1596.2,11,17,5,,,,,,,,,
1599.2,2,9,16,10,4,,,,,,,
1599.2,15,7,14,6,,,,,,,,
1599.2,8,13,12,3,18,1,,,,,,
1599.2,11,17,5,,,,,,,,,
1602.2,2,9,16,10,4,,,,,,,
1602.2,15,7,14,6,,,,,,,,
1602.2,8,13,12,3,18,1,,,,,,
1602.2,11,17,5,,,,,,,,,
1605.2,2,9,16,10,4,,,,,,,
1605.2,7,14,,,,,,,,,,
1605.2,8,13,12,1,,,,,,,,
1605.2,11,17,5,,,,,,,,,
1605.2,3,18,,,,,,,,,,
1605.2,15,6,,,,,,,,,,
1608.2,2,9,16,10,4,,,,,,,
1608.2,7,14,,,,,,,,,,
1608.2,8,13,12,3,18,1,,,,,,
1608.2,11,17,5,,,,,,,,,
1608.2,15,6,,,,,,,,,,
1611.2,2,9,16,10,4,,,,,,,
1611.2,7,14,,,,,,,,,,
1611.2,8,13,12,3,18,1,,,,,,
1611.2,11,17,5,,,,,,,,,
1611.2,15,6,,,,,,,,,,
1614.2,2,9,16,10,4,,,,,,,
1614.2,7,14,,,,,,,,,,
1614.2,8,13,12,3,18,1,,,,,,
1614.2,11,17,5,,,,,,,,,
1614.2,15,6,,,,,,,,,,
1617.2,2,9,16,10,4,,,,,,,
1617.2,7,14,,,,,,,,,,
1617.2,8,13,12,3,18,1,,,,,,
1617.2,11,17,5,,,,,,,,,
1617.2,15,6,,,,,,,,,,
1620.2,2,9,16,10,4,,,,,,,
1620.2,7,14,,,,,,,,,,
1620.2,8,13,12,3,18,1,,,,,,
1620.2,11,17,5,,,,,,,,,
1620.2,15,6,,,,,,,,,,
1623.2,2,9,16,10,4,,,,,,,
1623.2,7,14,,,,,,,,,,
1623.2,8,13,12,3,18,1,,,,,,
1623.2,11,17,5,,,,,,,,,
1623.2,15,6,,,,,,,,,,
1626.2,2,9,16,10,4,,,,,,,
1626.2,7,14,,,,,,,,,,
1626.2,8,13,12,3,18,1,,,,,,
1626.2,11,17,5,,,,,,,,,
1626.2,15,6,,,,,,,,,,
1629.2,2,9,16,10,4,,,,,,,
1629.2,7,14,,,,,,,,,,
1629.2,8,13,12,3,18,1,,,,,,
1629.2,11,17,5,,,,,,,,,
1629.2,15,6,,,,,,,,,,
1632.2,2,9,16,10,4,,,,,,,
1632.2,7,14,,,,,,,,,,
1632.2,8,13,12,3,18,1,,,,,,
1632.2,11,17,5,,,,,,,,,
1632.2,15,6,,,,,,,,,,
1635.2,2,9,16,10,4,,,,,,,
1635.2,7,14,,,,,,,,,,
1635.2,8,13,12,3,18,1,,,,,,
1635.2,11,17,5,,,,,,,,,
1635.2,15,6,,,,,,,,,,
1638.2,2,9,16,10,4,,,,,,,
1638.2,7,14,,,,,,,,,,
1638.2,8,13,12,3,18,1,,,,,,
1638.2,11,17,5,,,,,,,,,
1638.2,15,6,,,,,,,,,,
1641.2,2,9,16,10,4,,,,,,,
1641.2,7,14,,,,,,,,,,
1641.2,8,13,12,3,18,1,,,,,,
1641.2,11,17,5,,,,,,,,,
1641.2,15,6,,,,,,,,,,
1644.2,2,9,16,10,4,,,,,,,
1644.2,7,14,,,,,,,,,,
1644.2,8,13,12,3,18,1,,,,,,
1644.2,11,17,5,,,,,,,,,
1644.2,15,6,,,,,,,,,,
1647.2,2,9,16,10,4,,,,,,,
1647.2,7,14,,,,,,,,,,
1647.2,8,13,12,3,18,1,,,,,,
1647.2,11,17,5,,,,,,,,,
1647.2,15,6,,,,,,,,,,
1650.2,2,9,16,10,4,,,,,,,
1650.2,7,14,,,,,,,,,,
1650.2,8,13,12,3,18,1,,,,,,
1650.2,11,17,5,,,,,,,,,
1650.2,15,6,,,,,,,,,,
1653.2,2,9,16,10,4,,,,,,,
1653.2,7,14,,,,,,,,,,
1653.2,8,13,12,3,18,1,,,,,,
1653.2,11,17,5,,,,,,,,,
1653.2,15,6,,,,,,,,,,
1656.2,2,9,16,10,4,,,,,,,
1656.2,7,14,,,,,,,,,,
1656.2,8,13,12,3,18,1,,,,,,
1656.2,11,17,5,,,,,,,,,
1656.2,15,6,,,,,,,,,,
1659.2,2,9,16,10,4,,,,,,,
1659.2,7,14,,,,,,,,,,
1659.2,8,13,12,3,18,1,,,,,,
1659.2,11,17,5,,,,,,,,,
1659.2,15,6,,,,,,,,,,
1662.2,2,9,16,10,4,,,,,,,
1662.2,7,14,,,,,,,,,,
1662.2,8,13,12,3,18,1,,,,,,
1662.2,11,17,5,,,,,,,,,
1662.2,15,6,,,,,,,,,,
1665.2,2,9,16,10,4,,,,,,,
1665.2,7,14,,,,,,,,,,
1665.2,8,13,12,3,18,1,,,,,,
1665.2,11,17,5,,,,,,,,,
1665.2,15,6,,,,,,,,,,
1668.2,2,9,16,10,4,,,,,,,
1668.2,7,14,,,,,,,,,,
1668.2,8,13,12,3,18,1,,,,,,
1668.2,11,17,5,,,,,,,,,
1668.2,15,6,,,,,,,,,,
1671.2,2,9,16,10,4,,,,,,,
1671.2,7,14,,,,,,,,,,
1671.2,8,13,12,3,18,1,,,,,,
1671.2,11,17,5,,,,,,,,,
1671.2,15,6,,,,,,,,,,
1674.2,2,9,16,10,4,,,,,,,
1674.2,7,14,,,,,,,,,,
1674.2,8,13,12,3,18,1,,,,,,
1674.2,11,17,5,,,,,,,,,
1674.2,15,6,,,,,,,,,,
1677.2,2,9,16,10,4,,,,,,,
1677.2,7,14,,,,,,,,,,
1677.2,8,13,12,3,18,1,,,,,,
1677.2,11,17,5,,,,,,,,,
1677.2,15,6,,,,,,,,,,
1680.2,2,9,16,10,4,,,,,,,
1680.2,7,14,,,,,,,,,,
1680.2,8,13,12,3,18,1,,,,,,
1680.2,11,17,5,,,,,,,,,
1680.2,15,6,,,,,,,,,,
1683.2,2,9,16,10,4,,,,,,,
1683.2,7,14,,,,,,,,,,
1683.2,8,13,12,3,18,1,,,,,,
1683.2,11,17,5,,,,,,,,,
1683.2,15,6,,,,,,,,,,
1686.2,2,9,16,10,4,,,,,,,
1686.2,7,14,,,,,,,,,,
1686.2,8,13,12,3,18,1,,,,,,
1686.2,11,17,5,,,,,,,,,
1686.2,15,6,,,,,,,,,,
1689.2,2,9,16,10,4,,,,,,,
1689.2,7,14,,,,,,,,,,
1689.2,8,13,12,3,18,1,,,,,,
1689.2,11,17,5,,,,,,,,,
1689.2,15,6,,,,,,,,,,
1692.2,2,9,16,10,4,,,,,,,
1692.2,7,14,,,,,,,,,,
1692.2,8,13,12,3,18,1,,,,,,
1692.2,11,17,5,,,,,,,,,
1692.2,15,6,,,,,,,,,,
1695.2,2,9,16,10,4,,,,,,,
1695.2,7,14,,,,,,,,,,
1695.2,8,13,12,3,18,1,,,,,,
1695.2,11,17,5,,,,,,,,,
1695.2,15,6,,,,,,,,,,
1698.2,2,9,16,10,4,,,,,,,
1698.2,7,14,,,,,,,,,,
1698.2,8,13,12,3,18,1,,,,,,
1698.2,11,17,5,,,,,,,,,
1698.2,15,6,,,,,,,,,,
1701.2,2,9,16,10,4,,,,,,,
1701.2,7,14,,,,,,,,,,
1701.2,8,13,12,3,18,1,,,,,,
1701.2,11,17,5,,,,,,,,,
1701.2,15,6,,,,,,,,,,
1704.2,2,9,16,10,4,,,,,,,
1704.2,7,14,,,,,,,,,,
1704.2,8,13,12,3,18,1,,,,,,
1704.2,11,17,5,,,,,,,,,
1704.2,15,6,,,,,,,,,,
1707.2,2,9,16,10,4,,,,,,,
1707.2,7,14,,,,,,,,,,
1707.2,8,13,12,3,18,1,,,,,,
1707.2,11,17,5,,,,,,,,,
1707.2,15,6,,,,,,,,,,
1710.2,2,9,16,10,4,,,,,,,
1710.2,7,14,,,,,,,,,,
1710.2,8,13,12,3,18,1,,,,,,
1710.2,11,17,5,,,,,,,,,
1710.2,15,6,,,,,,,,,,
1713.2,2,9,16,10,4,,,,,,,
1713.2,7,14,,,,,,,,,,
1713.2,8,13,12,3,18,1,,,,,,
1713.2,11,17,5,,,,,,,,,
1713.2,15,6,,,,,,,,,,
1716.2,2,9,16,10,4,,,,,,,
1716.2,7,14,,,,,,,,,,
1716.2,8,13,12,3,18,1,,,,,,
1716.2,11,17,5,,,,,,,,,
1716.2,15,6,,,,,,,,,,
1719.2,2,9,16,10,4,,,,,,,
1719.2,7,14,,,,,,,,,,
1719.2,3,18,,,,,,,,,,
1719.2,11,17,5,,,,,,,,,
1719.2,15,6,,,,,,,,,,
1719.2,8,13,1,,,,,,,,,
1719.2,12,,,,,,,,,,,
1722.2,2,9,16,10,4,,,,,,,
1722.2,3,18,,,,,,,,,,
1722.2,11,17,5,,,,,,,,,
1722.2,15,6,,,,,,,,,,
1722.2,8,13,1,,,,,,,,,
1722.2,7,12,14,,,,,,,,,
1725.2,2,9,16,10,4,,,,,,,
1725.2,3,18,,,,,,,,,,
1725.2,11,17,5,,,,,,,,,
1725.2,15,6,,,,,,,,,,
1725.2,8,13,1,,,,,,,,,
1725.2,7,12,14,,,,,,,,,
1728.2,2,9,16,10,4,,,,,,,
1728.2,3,18,,,,,,,,,,
1728.2,11,17,5,,,,,,,,,
1728.2,15,6,,,,,,,,,,
1728.2,8,13,1,,,,,,,,,
1728.2,7,12,14,,,,,,,,,
1731.2,2,9,16,10,4,,,,,,,
1731.2,3,18,,,,,,,,,,
1731.2,11,17,5,,,,,,,,,
1731.2,15,6,,,,,,,,,,
1731.2,8,13,1,,,,,,,,,
1731.2,7,12,14,,,,,,,,,
1734.2,2,9,16,10,4,,,,,,,
1734.2,18,,,,,,,,,,,
1734.2,11,17,5,,,,,,,,,
1734.2,15,6,,,,,,,,,,
1734.2,8,13,1,,,,,,,,,
1734.2,7,12,3,14,,,,,,,,
1737.2,2,9,16,10,4,,,,,,,
1737.2,11,17,5,,,,,,,,,
1737.2,15,6,,,,,,,,,,
1737.2,8,13,1,,,,,,,,,
1737.2,7,12,3,18,14,,,,,,,
1740.2,2,9,16,10,4,,,,,,,
1740.2,11,17,5,,,,,,,,,
1740.2,15,6,,,,,,,,,,
1740.2,8,13,1,,,,,,,,,
1740.2,7,12,3,18,14,,,,,,,
1743.2,2,9,16,10,4,,,,,,,
1743.2,11,17,5,,,,,,,,,
1743.2,15,6,,,,,,,,,,
1743.2,8,13,1,,,,,,,,,
1743.2,7,12,3,18,14,,,,,,,
1746.2,2,9,16,10,4,,,,,,,
1746.2,11,17,5,,,,,,,,,
1746.2,15,6,,,,,,,,,,
1746.2,8,13,1,,,,,,,,,
1746.2,7,12,3,18,14,,,,,,,
1749.2,2,9,16,10,4,,,,,,,
1749.2,11,17,5,,,,,,,,,
1749.2,15,6,,,,,,,,,,
1749.2,8,13,1,,,,,,,,,
1749.2,7,12,3,18,14,,,,,,,
1752.2,2,9,16,10,4,,,,,,,
1752.2,11,17,5,,,,,,,,,
1752.2,15,6,,,,,,,,,,
1752.2,8,13,1,,,,,,,,,
1752.2,7,12,3,18,14,,,,,,,
1755.2,2,9,16,10,4,,,,,,,
1755.2,11,17,5,,,,,,,,,
1755.2,15,6,,,,,,,,,,
1755.2,8,13,1,,,,,,,,,
1755.2,7,12,3,18,14,,,,,,,
1758.2,2,9,16,10,4,,,,,,,
1758.2,11,17,5,,,,,,,,,
1758.2,15,6,,,,,,,,,,
1758.2,8,13,1,,,,,,,,,
1758.2,7,12,3,18,14,,,,,,,
1761.2,2,9,16,10,4,,,,,,,
1761.2,11,17,5,,,,,,,,,
1761.2,15,6,,,,,,,,,,
1761.2,8,13,1,,,,,,,,,
1761.2,7,12,3,18,14,,,,,,,
1764.2,2,9,16,10,4,,,,,,,
1764.2,11,17,5,,,,,,,,,
1764.2,15,6,,,,,,,,,,
1764.2,8,13,1,,,,,,,,,
1764.2,7,12,3,18,14,,,,,,,
1767.2,2,9,16,10,4,,,,,,,
1767.2,11,17,5,,,,,,,,,
1767.2,15,6,,,,,,,,,,
1767.2,8,13,1,,,,,,,,,
1767.2,7,12,3,18,14,,,,,,,
1770.2,2,9,16,10,4,,,,,,,
1770.2,11,17,5,,,,,,,,,
1770.2,15,6,,,,,,,,,,
1770.2,8,13,1,,,,,,,,,
1770.2,7,12,3,18,14,,,,,,,
1773.2,2,9,16,10,4,,,,,,,
1773.2,11,17,5,,,,,,,,,
1773.2,15,6,,,,,,,,,,
1773.2,8,13,1,,,,,,,,,
1773.2,7,12,3,18,14,,,,,,,
1776.2,2,9,16,10,4,,,,,,,
1776.2,11,17,5,,,,,,,,,
1776.2,15,6,,,,,,,,,,
1776.2,8,13,1,,,,,,,,,
1776.2,12,3,18,14,,,,,,,,
1776.2,7,,,,,,,,,,,
1779.2,2,9,16,10,4,,,,,,,
1779.2,11,17,5,,,,,,,,,
1779.2,15,6,,,,,,,,,,
1779.2,8,13,1,,,,,,,,,
1779.2,12,3,18,14,,,,,,,,
1779.2,7,,,,,,,,,,,
1782.2,2,9,16,10,4,,,,,,,
1782.2,11,17,5,,,,,,,,,
1782.2,15,6,,,,,,,,,,
1782.2,8,13,7,1,,,,,,,,
1782.2,12,3,18,14,,,,,,,,
1785.2,2,9,16,10,4,,,,,,,
1785.2,11,17,5,,,,,,,,,
1785.2,15,6,,,,,,,,,,
1785.2,8,13,7,1,,,,,,,,
1785.2,12,3,18,14,,,,,,,,
1788.2,2,9,16,10,4,,,,,,,
1788.2,11,17,5,,,,,,,,,
1788.2,15,6,,,,,,,,,,
1788.2,8,13,7,1,,,,,,,,
1788.2,12,3,18,14,,,,,,,,
1791.2,2,9,16,10,4,,,,,,,
1791.2,11,17,5,,,,,,,,,
1791.2,15,6,,,,,,,,,,
1791.2,8,13,7,1,,,,,,,,
1791.2,12,3,18,14,,,,,,,,
1794.2,2,9,16,10,4,,,,,,,
1794.2,11,17,5,,,,,,,,,
1794.2,15,6,,,,,,,,,,
1794.2,8,13,7,1,,,,,,,,
1794.2,12,3,18,14,,,,,,,,
1797.2,2,9,16,10,4,,,,,,,
1797.2,11,17,5,,,,,,,,,
1797.2,15,6,,,,,,,,,,
1797.2,8,13,7,1,,,,,,,,
1797.2,12,3,18,14,,,,,,,,
1800.2,2,9,16,10,4,,,,,,,
1800.2,11,17,5,,,,,,,,,
1800.2,15,6,,,,,,,,,,
1800.2,8,13,7,1,,,,,,,,
1800.2,12,3,18,14,,,,,,,,
1803.2,2,9,16,10,4,,,,,,,
1803.2,11,17,5,,,,,,,,,
1803.2,15,6,,,,,,,,,,
1803.2,8,13,7,1,,,,,,,,
1803.2,12,3,18,14,,,,,,,,
1806.2,2,9,16,10,4,,,,,,,
1806.2,11,17,5,,,,,,,,,
1806.2,15,6,,,,,,,,,,
1806.2,8,13,7,1,,,,,,,,
1806.2,12,3,18,14,,,,,,,,
1809.2,2,9,16,10,4,,,,,,,
1809.2,11,17,5,,,,,,,,,
1809.2,15,6,,,,,,,,,,
1809.2,8,13,7,1,,,,,,,,
1809.2,12,3,18,14,,,,,,,,
1812.2,2,9,16,10,4,,,,,,,
1812.2,11,17,5,,,,,,,,,
1812.2,15,6,,,,,,,,,,
1812.2,8,13,7,1,,,,,,,,
1812.2,12,3,18,14,,,,,,,,
1815.2,2,9,16,10,4,,,,,,,
1815.2,11,17,5,,,,,,,,,
1815.2,15,6,,,,,,,,,,
1815.2,8,13,7,1,,,,,,,,
1815.2,12,3,18,14,,,,,,,,
1818.2,2,9,16,10,4,,,,,,,
1818.2,11,17,5,,,,,,,,,
1818.2,15,6,,,,,,,,,,
1818.2,8,13,7,1,,,,,,,,
1818.2,12,3,18,14,,,,,,,,
1821.2,2,9,16,10,4,,,,,,,
1821.2,11,17,,,,,,,,,,
1821.2,15,6,,,,,,,,,,
1821.2,8,13,7,1,,,,,,,,
1821.2,5,,,,,,,,,,,
1821.2,12,3,18,14,,,,,,,,
1824.2,2,9,16,10,4,,,,,,,
1824.2,11,17,,,,,,,,,,
1824.2,15,6,,,,,,,,,,
1824.2,8,13,7,1,,,,,,,,
1824.2,5,,,,,,,,,,,
1824.2,12,3,18,14,,,,,,,,
1827.2,2,9,16,10,4,,,,,,,
1827.2,11,17,,,,,,,,,,
1827.2,15,6,,,,,,,,,,
1827.2,8,13,7,1,,,,,,,,
1827.2,5,,,,,,,,,,,
1827.2,12,3,18,14,,,,,,,,
1830.2,2,9,16,10,4,,,,,,,
1830.2,11,17,,,,,,,,,,
1830.2,15,6,,,,,,,,,,
1830.2,8,13,7,1,,,,,,,,
1830.2,5,,,,,,,,,,,
1830.2,12,3,18,14,,,,,,,,
1833.2,2,9,16,10,4,,,,,,,
1833.2,11,17,,,,,,,,,,
1833.2,15,6,,,,,,,,,,
1833.2,8,13,7,1,,,,,,,,
1833.2,5,,,,,,,,,,,
1833.2,12,3,18,14,,,,,,,,
1836.2,2,9,16,10,4,,,,,,,
1836.2,11,17,,,,,,,,,,
1836.2,15,6,,,,,,,,,,
1836.2,8,13,7,1,,,,,,,,
1836.2,5,,,,,,,,,,,
1836.2,12,3,18,14,,,,,,,,
1839.2,2,9,16,10,4,,,,,,,
1839.2,11,17,,,,,,,,,,
1839.2,15,6,,,,,,,,,,
1839.2,8,13,7,1,,,,,,,,
1839.2,5,,,,,,,,,,,
1839.2,12,3,18,14,,,,,,,,
1842.2,2,9,16,10,4,,,,,,,
1842.2,11,17,,,,,,,,,,
1842.2,15,6,,,,,,,,,,
1842.2,8,13,7,1,,,,,,,,
1842.2,5,,,,,,,,,,,
1842.2,12,3,18,14,,,,,,,,
1845.2,2,9,16,10,4,,,,,,,
1845.2,11,17,,,,,,,,,,
1845.2,15,6,,,,,,,,,,
1845.2,8,13,7,1,,,,,,,,
1845.2,5,,,,,,,,,,,
1845.2,12,3,18,14,,,,,,,,
1848.2,2,9,16,10,4,,,,,,,
1848.2,11,17,,,,,,,,,,
1848.2,15,6,,,,,,,,,,
1848.2,8,13,7,1,,,,,,,,
1848.2,5,,,,,,,,,,,
1848.2,12,3,18,14,,,,,,,,
1851.2,2,9,16,10,4,,,,,,,
1851.2,11,17,,,,,,,,,,
1851.2,15,6,,,,,,,,,,
1851.2,8,13,7,1,,,,,,,,
1851.2,5,,,,,,,,,,,
1851.2,12,3,18,14,,,,,,,,
1854.2,2,9,16,10,4,,,,,,,
1854.2,11,17,,,,,,,,,,
1854.2,15,6,,,,,,,,,,
1854.2,8,13,7,1,,,,,,,,
1854.2,5,,,,,,,,,,,
1854.2,12,3,18,14,,,,,,,,
1857.2,2,9,16,10,4,,,,,,,
1857.2,11,17,,,,,,,,,,
1857.2,15,6,,,,,,,,,,
1857.2,8,13,7,1,,,,,,,,
1857.2,5,,,,,,,,,,,
1857.2,12,3,18,14,,,,,,,,
1860.2,2,9,16,10,4,,,,,,,
1860.2,11,17,,,,,,,,,,
1860.2,15,6,,,,,,,,,,
1860.2,8,13,7,1,,,,,,,,
1860.2,5,,,,,,,,,,,
1860.2,12,3,18,14,,,,,,,,
1863.2,11,17,,,,,,,,,,
1863.2,15,6,,,,,,,,,,
1863.2,8,13,7,1,,,,,,,,
1863.2,2,9,16,10,5,4,,,,,,
1863.2,12,3,18,14,,,,,,,,
1866.2,11,17,,,,,,,,,,
1866.2,15,6,,,,,,,,,,
1866.2,8,13,7,1,,,,,,,,
1866.2,2,9,16,10,5,4,,,,,,
1866.2,12,3,18,14,,,,,,,,
1869.2,15,6,,,,,,,,,,
1869.2,8,13,7,1,,,,,,,,
1869.2,2,9,16,10,5,4,,,,,,
1869.2,12,3,18,14,,,,,,,,
1869.2,11,17,,,,,,,,,,
1872.2,15,6,,,,,,,,,,
1872.2,8,13,7,1,,,,,,,,
1872.2,2,9,16,10,5,4,,,,,,
1872.2,11,17,,,,,,,,,,
1872.2,12,3,18,14,,,,,,,,
1875.2,11,17,,,,,,,,,,
1875.2,15,6,,,,,,,,,,
1875.2,8,13,7,1,,,,,,,,
1875.2,2,9,16,10,5,4,,,,,,
1875.2,12,3,18,14,,,,,,,,
1878.2,11,17,,,,,,,,,,
1878.2,15,6,,,,,,,,,,
1878.2,8,13,7,1,,,,,,,,
1878.2,2,9,16,10,5,4,,,,,,
1878.2,12,3,18,14,,,,,,,,
1881.2,11,17,,,,,,,,,,
1881.2,15,6,,,,,,,,,,
1881.2,8,13,7,1,,,,,,,,
1881.2,2,9,16,10,5,4,,,,,,
1881.2,12,3,18,14,,,,,,,,
1884.2,11,17,,,,,,,,,,
1884.2,15,6,,,,,,,,,,
1884.2,8,13,7,1,,,,,,,,
1884.2,2,9,16,10,5,4,,,,,,
1884.2,12,3,18,14,,,,,,,,
1887.2,11,17,,,,,,,,,,
1887.2,15,6,,,,,,,,,,
1887.2,8,13,7,1,,,,,,,,
1887.2,2,9,16,10,5,4,,,,,,
1887.2,12,3,18,14,,,,,,,,
1890.2,17,,,,,,,,,,,
1890.2,15,6,,,,,,,,,,
1890.2,8,13,7,1,,,,,,,,
1890.2,12,3,18,14,,,,,,,,
1890.2,2,9,16,10,5,4,,,,,,
1893.2,17,,,,,,,,,,,
1893.2,15,6,,,,,,,,,,
1893.2,8,13,7,1,,,,,,,,
1893.2,12,3,18,14,,,,,,,,
1893.2,2,9,16,10,5,4,,,,,,
1896.2,17,,,,,,,,,,,
1896.2,15,6,,,,,,,,,,
1896.2,8,13,7,1,,,,,,,,
1896.2,12,3,18,14,,,,,,,,
1896.2,2,9,16,10,5,4,,,,,,
1899.2,15,6,,,,,,,,,,
1899.2,8,13,7,1,,,,,,,,
1899.2,12,3,18,14,,,,,,,,
1899.2,2,9,16,10,17,5,4,,,,,
1902.2,15,6,,,,,,,,,,
1902.2,17,,,,,,,,,,,
1902.2,12,3,18,14,,,,,,,,
1902.2,8,13,7,1,,,,,,,,
1902.2,2,9,16,10,5,4,,,,,,
1905.2,15,6,,,,,,,,,,
1905.2,17,,,,,,,,,,,
1905.2,12,3,18,14,,,,,,,,
1905.2,8,13,7,1,,,,,,,,
1905.2,2,9,16,10,5,4,,,,,,
1908.2,15,6,,,,,,,,,,
1908.2,17,,,,,,,,,,,
1908.2,12,3,18,14,,,,,,,,
1908.2,8,13,7,1,,,,,,,,
1908.2,2,9,16,10,5,4,,,,,,
1911.2,15,6,,,,,,,,,,
1911.2,17,,,,,,,,,,,
1911.2,12,3,18,14,,,,,,,,
1911.2,8,13,7,1,,,,,,,,
1911.2,2,9,16,10,5,4,,,,,,
1914.2,15,6,,,,,,,,,,
1914.2,12,3,18,14,,,,,,,,
1914.2,8,13,7,1,17,,,,,,,
1914.2,2,9,16,10,5,4,,,,,,
1917.2,15,6,,,,,,,,,,
1917.2,8,13,7,1,17,,,,,,,
1917.2,12,3,18,14,,,,,,,,
1917.2,2,9,16,10,5,4,,,,,,
1920.2,15,6,,,,,,,,,,
1920.2,12,3,18,14,,,,,,,,
1920.2,8,13,7,1,17,,,,,,,
1920.2,2,9,16,10,5,4,,,,,,
1923.2,15,6,,,,,,,,,,
1923.2,12,3,18,14,,,,,,,,
1923.2,8,13,7,1,17,,,,,,,
1923.2,2,9,16,10,5,4,,,,,,
1926.2,15,6,,,,,,,,,,
1926.2,12,3,18,14,,,,,,,,
1926.2,8,13,7,1,17,,,,,,,
1926.2,2,9,16,10,5,4,,,,,,
1929.2,15,6,,,,,,,,,,
1929.2,12,3,18,14,,,,,,,,
1929.2,8,13,7,1,17,,,,,,,
1929.2,2,9,16,10,5,4,,,,,,
1932.2,15,6,,,,,,,,,,
1932.2,2,9,16,10,5,4,,,,,,
1932.2,12,3,18,14,,,,,,,,
1932.2,8,13,7,1,17,,,,,,,
